<?xml version = '1.0' encoding = 'UTF-8'?>
<FKIndexAssociation class="oracle.dbtools.crest.model.design.relational.FKIndexAssociation" directorySegmentName="seg_0" id="0BB8CB64-0412-E748-618B-0A360D7F067E" containerWithKeyObject="82BE46E4-90E6-5DB0-BD79-1D130665C625" localFKIndex="2D024374-8DD6-F0DD-EA84-DEBF42A83E58" name="FK_RESIDENTE_HABITACION">
<sourceConnName>XE-exequiel</sourceConnName>
<sourceObjSchema>C##EXEQUIEL</sourceObjSchema>
<sourceObjName>FK_RESIDENTE_HABITACION</sourceObjName>
<createdBy>exequ</createdBy>
<createdTime>2025-08-31 12:12:41 UTC</createdTime>
<ownerDesignName>archivo</ownerDesignName>
<referredTableLongName>HABITACION</referredTableLongName>
<deleteRule>NO ACTION</deleteRule>
<referredTableID>89E5E282-C1E8-457F-68ED-5E13734A987C</referredTableID>
<keyObject>A5CD5800-0240-BDA6-7610-2481AB993006</keyObject>
<referredKeyID>A5CD5800-0240-BDA6-7610-2481AB993006</referredKeyID>
<mandatory>true</mandatory>
<refColNames>ID_HABITACION</refColNames>
<transferable>true</transferable>
<rely>false</rely>
<columnDependencyConstraintGenerateInDDL>true</columnDependencyConstraintGenerateInDDL>
</FKIndexAssociation>