<?xml version = '1.0' encoding = 'UTF-8'?>
<FKIndexAssociation class="oracle.dbtools.crest.model.design.relational.FKIndexAssociation" directorySegmentName="seg_0" id="10BD4CAA-98E2-4CF5-CD68-9744C0443617" containerWithKeyObject="D25B8586-2E57-DBBD-EE41-97BC91511530" localFKIndex="FFA312C4-8D6E-B410-7B22-5923EE555091" name="FK_PERMANENTE_RESIDENTE">
<sourceConnName>XE-exequiel</sourceConnName>
<sourceObjSchema>C##EXEQUIEL</sourceObjSchema>
<sourceObjName>FK_PERMANENTE_RESIDENTE</sourceObjName>
<createdBy>exequ</createdBy>
<createdTime>2025-08-31 12:12:41 UTC</createdTime>
<ownerDesignName>archivo</ownerDesignName>
<referredTableLongName>RESIDENTE</referredTableLongName>
<deleteRule>NO ACTION</deleteRule>
<referredTableID>82BE46E4-90E6-5DB0-BD79-1D130665C625</referredTableID>
<keyObject>1311668D-E58D-07A3-A936-ACD20333FE0D</keyObject>
<referredKeyID>1311668D-E58D-07A3-A936-ACD20333FE0D</referredKeyID>
<mandatory>true</mandatory>
<refColNames>RUT_RESIDENTE</refColNames>
<transferable>true</transferable>
<rely>false</rely>
<columnDependencyConstraintGenerateInDDL>true</columnDependencyConstraintGenerateInDDL>
</FKIndexAssociation>