<?xml version = '1.0' encoding = 'UTF-8'?>
<FKIndexAssociation class="oracle.dbtools.crest.model.design.relational.FKIndexAssociation" directorySegmentName="seg_0" id="464461A0-0F6E-9F5A-6D38-400807B977EA" containerWithKeyObject="854EA84F-C7AF-70E3-3DC4-2CCC5018D561" localFKIndex="DCF8545C-ACE6-D03F-82F7-7CE8F926ED9B" name="FK_TEMPORAL_RESIDENTE">
<sourceConnName>XE-exequiel</sourceConnName>
<sourceObjSchema>C##EXEQUIEL</sourceObjSchema>
<sourceObjName>FK_TEMPORAL_RESIDENTE</sourceObjName>
<createdBy>exequ</createdBy>
<createdTime>2025-08-31 12:12:41 UTC</createdTime>
<ownerDesignName>archivo</ownerDesignName>
<referredTableLongName>RESIDENTE</referredTableLongName>
<deleteRule>NO ACTION</deleteRule>
<referredTableID>82BE46E4-90E6-5DB0-BD79-1D130665C625</referredTableID>
<keyObject>1311668D-E58D-07A3-A936-ACD20333FE0D</keyObject>
<referredKeyID>1311668D-E58D-07A3-A936-ACD20333FE0D</referredKeyID>
<mandatory>true</mandatory>
<refColNames>RUT_RESIDENTE</refColNames>
<transferable>true</transferable>
<rely>false</rely>
<columnDependencyConstraintGenerateInDDL>true</columnDependencyConstraintGenerateInDDL>
</FKIndexAssociation>