<?xml version = '1.0' encoding = 'UTF-8'?>
<FKIndexAssociation class="oracle.dbtools.crest.model.design.relational.FKIndexAssociation" directorySegmentName="seg_0" id="5D85B6CE-A343-1CF9-E537-43F3F972A9F9" containerWithKeyObject="89E5E282-C1E8-457F-68ED-5E13734A987C" localFKIndex="C43F8803-871B-649B-5C52-557B84824935" name="FK_HABITACION_RESIDENCIA">
<sourceConnName>XE-exequiel</sourceConnName>
<sourceObjSchema>C##EXEQUIEL</sourceObjSchema>
<sourceObjName>FK_HABITACION_RESIDENCIA</sourceObjName>
<createdBy>exequ</createdBy>
<createdTime>2025-08-31 12:12:41 UTC</createdTime>
<ownerDesignName>archivo</ownerDesignName>
<referredTableLongName>RESIDENCIA</referredTableLongName>
<deleteRule>NO ACTION</deleteRule>
<referredTableID>2658C297-FD74-8FAC-F0B2-F8B4D3D472B0</referredTableID>
<keyObject>D3F351D9-5AE8-31B0-9971-57D4E8CD7164</keyObject>
<referredKeyID>D3F351D9-5AE8-31B0-9971-57D4E8CD7164</referredKeyID>
<mandatory>true</mandatory>
<refColNames>ID_RESIDENCIA</refColNames>
<transferable>true</transferable>
<rely>false</rely>
<columnDependencyConstraintGenerateInDDL>true</columnDependencyConstraintGenerateInDDL>
</FKIndexAssociation>