<?xml version = '1.0' encoding = 'UTF-8'?>
<FKIndexAssociation class="oracle.dbtools.crest.model.design.relational.FKIndexAssociation" directorySegmentName="seg_0" id="5F3EDFF1-EDF8-CF4D-45F7-9EEC4A398D3F" containerWithKeyObject="6D2D4526-5835-621E-FC83-0EAE9CFD9E44" localFKIndex="377F1F86-D9A3-2307-8D6F-95D95D4F82A8" name="FK_PERSONAL_RESIDENCIA">
<sourceConnName>XE-exequiel</sourceConnName>
<sourceObjSchema>C##EXEQUIEL</sourceObjSchema>
<sourceObjName>FK_PERSONAL_RESIDENCIA</sourceObjName>
<createdBy>exequ</createdBy>
<createdTime>2025-08-31 12:12:41 UTC</createdTime>
<ownerDesignName>archivo</ownerDesignName>
<referredTableLongName>RESIDENCIA</referredTableLongName>
<deleteRule>NO ACTION</deleteRule>
<referredTableID>2658C297-FD74-8FAC-F0B2-F8B4D3D472B0</referredTableID>
<keyObject>D3F351D9-5AE8-31B0-9971-57D4E8CD7164</keyObject>
<referredKeyID>D3F351D9-5AE8-31B0-9971-57D4E8CD7164</referredKeyID>
<mandatory>true</mandatory>
<refColNames>ID_RESIDENCIA</refColNames>
<transferable>true</transferable>
<rely>false</rely>
<columnDependencyConstraintGenerateInDDL>true</columnDependencyConstraintGenerateInDDL>
</FKIndexAssociation>