<?xml version = '1.0' encoding = 'UTF-8'?>
<FKIndexAssociation class="oracle.dbtools.crest.model.design.relational.FKIndexAssociation" directorySegmentName="seg_0" id="901057AA-BCEE-10D5-1390-7155FD35F25D" containerWithKeyObject="725EEFFE-8EA4-5C38-6EC9-893D83EABE34" localFKIndex="91EAD06A-CB27-59A1-F527-5DECB4E73A50" name="FK_ANEXO_RESIDENTE">
<sourceConnName>XE-exequiel</sourceConnName>
<sourceObjSchema>C##EXEQUIEL</sourceObjSchema>
<sourceObjName>FK_ANEXO_RESIDENTE</sourceObjName>
<createdBy>exequ</createdBy>
<createdTime>2025-08-31 12:12:41 UTC</createdTime>
<ownerDesignName>archivo</ownerDesignName>
<referredTableLongName>RESIDENTE</referredTableLongName>
<deleteRule>NO ACTION</deleteRule>
<referredTableID>82BE46E4-90E6-5DB0-BD79-1D130665C625</referredTableID>
<keyObject>1311668D-E58D-07A3-A936-ACD20333FE0D</keyObject>
<referredKeyID>1311668D-E58D-07A3-A936-ACD20333FE0D</referredKeyID>
<mandatory>true</mandatory>
<refColNames>RUT_RESIDENTE</refColNames>
<transferable>true</transferable>
<rely>false</rely>
<columnDependencyConstraintGenerateInDDL>true</columnDependencyConstraintGenerateInDDL>
</FKIndexAssociation>