<?xml version = '1.0' encoding = 'UTF-8'?>
<FKIndexAssociation class="oracle.dbtools.crest.model.design.relational.FKIndexAssociation" directorySegmentName="seg_0" id="97B37937-7521-F420-CF25-6E10CCB281CE" containerWithKeyObject="725EEFFE-8EA4-5C38-6EC9-893D83EABE34" localFKIndex="3D54F733-2ED7-69A1-B1D0-BC1793415645" name="FK_ANEXO_CONTRATO">
<sourceConnName>XE-exequiel</sourceConnName>
<sourceObjSchema>C##EXEQUIEL</sourceObjSchema>
<sourceObjName>FK_ANEXO_CONTRATO</sourceObjName>
<createdBy>exequ</createdBy>
<createdTime>2025-08-31 12:12:41 UTC</createdTime>
<ownerDesignName>archivo</ownerDesignName>
<referredTableLongName>CONTRATO</referredTableLongName>
<deleteRule>NO ACTION</deleteRule>
<referredTableID>42143EB2-3F51-DC37-96FE-930F652B8A3A</referredTableID>
<keyObject>D2560BCB-D7FF-1998-8C0F-384437C95800</keyObject>
<referredKeyID>D2560BCB-D7FF-1998-8C0F-384437C95800</referredKeyID>
<mandatory>true</mandatory>
<refColNames>ID_CONTRATO</refColNames>
<transferable>true</transferable>
<rely>false</rely>
<columnDependencyConstraintGenerateInDDL>true</columnDependencyConstraintGenerateInDDL>
</FKIndexAssociation>