<?xml version = '1.0' encoding = 'UTF-8'?>
<FKIndexAssociation class="oracle.dbtools.crest.model.design.relational.FKIndexAssociation" directorySegmentName="seg_0" id="BE6AFCE3-451A-D601-AE6A-E219CC82A9EA" containerWithKeyObject="53D6D7BA-91D2-3306-C875-A16F54E3A9F9" localFKIndex="D87C91A5-5F77-4176-4824-54A4EBD9391F" name="FK_MEDICO_SUPERVISOR">
<sourceConnName>XE-exequiel</sourceConnName>
<sourceObjSchema>C##EXEQUIEL</sourceObjSchema>
<sourceObjName>FK_MEDICO_SUPERVISOR</sourceObjName>
<createdBy>exequ</createdBy>
<createdTime>2025-08-31 12:12:41 UTC</createdTime>
<ownerDesignName>archivo</ownerDesignName>
<referredTableLongName>MEDICO</referredTableLongName>
<deleteRule>NO ACTION</deleteRule>
<referredTableID>53D6D7BA-91D2-3306-C875-A16F54E3A9F9</referredTableID>
<keyObject>AE39E941-121C-D4E7-EC66-62657AACBF91</keyObject>
<referredKeyID>AE39E941-121C-D4E7-EC66-62657AACBF91</referredKeyID>
<mandatory>false</mandatory>
<refColNames>RUT_PERSONAL</refColNames>
<transferable>true</transferable>
<rely>false</rely>
<columnDependencyConstraintGenerateInDDL>true</columnDependencyConstraintGenerateInDDL>
</FKIndexAssociation>