<?xml version = '1.0' encoding = 'UTF-8'?>
<FKIndexAssociation class="oracle.dbtools.crest.model.design.relational.FKIndexAssociation" directorySegmentName="seg_0" id="C14B3168-F143-4EA1-E87F-64EADC72F5C8" containerWithKeyObject="53D6D7BA-91D2-3306-C875-A16F54E3A9F9" localFKIndex="77A17338-ED63-0C17-187D-F47ECBB8E8A6" name="FK_MEDICO_PERSONAL">
<sourceConnName>XE-exequiel</sourceConnName>
<sourceObjSchema>C##EXEQUIEL</sourceObjSchema>
<sourceObjName>FK_MEDICO_PERSONAL</sourceObjName>
<createdBy>exequ</createdBy>
<createdTime>2025-08-31 12:12:41 UTC</createdTime>
<ownerDesignName>archivo</ownerDesignName>
<referredTableLongName>PERSONAL</referredTableLongName>
<deleteRule>NO ACTION</deleteRule>
<referredTableID>6D2D4526-5835-621E-FC83-0EAE9CFD9E44</referredTableID>
<keyObject>F95A0DA3-4ED3-7DA0-766F-4C01EA466973</keyObject>
<referredKeyID>F95A0DA3-4ED3-7DA0-766F-4C01EA466973</referredKeyID>
<mandatory>true</mandatory>
<refColNames>RUT_PERSONAL</refColNames>
<transferable>true</transferable>
<rely>false</rely>
<columnDependencyConstraintGenerateInDDL>true</columnDependencyConstraintGenerateInDDL>
</FKIndexAssociation>