<?xml version = '1.0' encoding = 'UTF-8'?>
<FKIndexAssociation class="oracle.dbtools.crest.model.design.relational.FKIndexAssociation" directorySegmentName="seg_0" id="D2788BF7-9AC7-3C49-FFAF-59AE8E6A43EC" containerWithKeyObject="42143EB2-3F51-DC37-96FE-930F652B8A3A" localFKIndex="8A7E56D4-568B-DF88-2EA6-E71796FB2B73" name="FK_CONTRATO_APODERADO">
<sourceConnName>XE-exequiel</sourceConnName>
<sourceObjSchema>C##EXEQUIEL</sourceObjSchema>
<sourceObjName>FK_CONTRATO_APODERADO</sourceObjName>
<createdBy>exequ</createdBy>
<createdTime>2025-08-31 12:12:41 UTC</createdTime>
<ownerDesignName>archivo</ownerDesignName>
<referredTableLongName>APODERADO</referredTableLongName>
<deleteRule>NO ACTION</deleteRule>
<referredTableID>D4541423-54AE-93DF-A4BF-76C1DCE26D75</referredTableID>
<keyObject>E4878586-08AC-0DDA-D40A-8EF83E242174</keyObject>
<referredKeyID>E4878586-08AC-0DDA-D40A-8EF83E242174</referredKeyID>
<mandatory>true</mandatory>
<refColNames>RUT_APODERADO</refColNames>
<transferable>true</transferable>
<rely>false</rely>
<columnDependencyConstraintGenerateInDDL>true</columnDependencyConstraintGenerateInDDL>
</FKIndexAssociation>