<?xml version = '1.0' encoding = 'UTF-8'?>
<FKIndexAssociation class="oracle.dbtools.crest.model.design.relational.FKIndexAssociation" directorySegmentName="seg_0" id="F7D62E9D-D909-B779-200D-4A05B6662E39" containerWithKeyObject="2CF94447-5DE1-3BC7-9781-7DD7CB8EA2CF" localFKIndex="A2B217EF-AC06-61A7-81A7-5B0052B1A77E" name="FK_CUIDADOR_PERSONAL">
<sourceConnName>XE-exequiel</sourceConnName>
<sourceObjSchema>C##EXEQUIEL</sourceObjSchema>
<sourceObjName>FK_CUIDADOR_PERSONAL</sourceObjName>
<createdBy>exequ</createdBy>
<createdTime>2025-08-31 12:12:41 UTC</createdTime>
<ownerDesignName>archivo</ownerDesignName>
<referredTableLongName>PERSONAL</referredTableLongName>
<deleteRule>NO ACTION</deleteRule>
<referredTableID>6D2D4526-5835-621E-FC83-0EAE9CFD9E44</referredTableID>
<keyObject>F95A0DA3-4ED3-7DA0-766F-4C01EA466973</keyObject>
<referredKeyID>F95A0DA3-4ED3-7DA0-766F-4C01EA466973</referredKeyID>
<mandatory>true</mandatory>
<refColNames>RUT_PERSONAL</refColNames>
<transferable>true</transferable>
<rely>false</rely>
<columnDependencyConstraintGenerateInDDL>true</columnDependencyConstraintGenerateInDDL>
</FKIndexAssociation>