<?xml version = '1.0' encoding = 'UTF-8'?>
<Relation class="oracle.dbtools.crest.model.design.logical.Relation" name="FK_PERMANENTE_RESIDENTE" directorySegmentName="seg_0" id="11F90AAA-84DA-44AC-9158-A54486369513">
<createdBy>exequ</createdBy>
<createdTime>2025-08-31 12:17:52 UTC</createdTime>
<generatorID>10BD4CAA-98E2-4CF5-CD68-9744C0443617</generatorID>
<ownerDesignName>archivo</ownerDesignName>
<engineerTo>
<item key="1C0309CF-8E8A-A439-4F18-8DD93CBBCAF2" value="true"/>
</engineerTo>
<sourcePk>A5417602-C16C-A5A9-C0E6-E08CBC2729C9</sourcePk>
<dominantRole>D900DE92-E498-751D-06BC-D40CBC892697</dominantRole>
<identifying>true</identifying>
<optionalSource>true</optionalSource>
<optionalTarget>false</optionalTarget>
<sourceCardinality>1</sourceCardinality>
<sourceEntity>D900DE92-E498-751D-06BC-D40CBC892697</sourceEntity>
<targetCardinalityString>1</targetCardinalityString>
<targetEntity>D5F3BA17-BB2C-962A-85A9-AA4C377919D4</targetEntity>
<transferable>true</transferable>
<deleteRule>NO ACTION</deleteRule>
</Relation>