<?xml version = '1.0' encoding = 'UTF-8'?>
<Relation class="oracle.dbtools.crest.model.design.logical.Relation" name="FK_PERSONAL_RESIDENCIA" directorySegmentName="seg_0" id="131AEC24-A13F-CF53-8C15-C884B3A9B59B">
<createdBy>exequ</createdBy>
<createdTime>2025-08-31 12:17:52 UTC</createdTime>
<generatorID>5F3EDFF1-EDF8-CF4D-45F7-9EEC4A398D3F</generatorID>
<ownerDesignName>archivo</ownerDesignName>
<engineerTo>
<item key="1C0309CF-8E8A-A439-4F18-8DD93CBBCAF2" value="true"/>
</engineerTo>
<sourcePk>C5CE14FB-BFD1-227B-8C7A-21003D33177B</sourcePk>
<identifying>false</identifying>
<optionalSource>true</optionalSource>
<optionalTarget>false</optionalTarget>
<sourceCardinality>1</sourceCardinality>
<sourceEntity>F54C3A3E-48BA-D421-89FB-7D68444B1AD2</sourceEntity>
<targetCardinalityString>*</targetCardinalityString>
<targetEntity>D959A539-A1C9-93AF-24CF-C52AAD828F33</targetEntity>
<transferable>true</transferable>
<deleteRule>NO ACTION</deleteRule>
</Relation>