<?xml version = '1.0' encoding = 'UTF-8'?>
<Relation class="oracle.dbtools.crest.model.design.logical.Relation" name="FK_RESIDENTE_HABITACION" directorySegmentName="seg_0" id="56A11FF3-0FC5-B35F-4181-6B5CB5D6E598">
<createdBy>exequ</createdBy>
<createdTime>2025-08-31 12:17:52 UTC</createdTime>
<generatorID>0BB8CB64-0412-E748-618B-0A360D7F067E</generatorID>
<ownerDesignName>archivo</ownerDesignName>
<engineerTo>
<item key="1C0309CF-8E8A-A439-4F18-8DD93CBBCAF2" value="true"/>
</engineerTo>
<sourcePk>755053E5-BB0F-8B74-052F-808F856206ED</sourcePk>
<dominantRole>F8380BDA-1007-DC62-3B77-627D7944544A</dominantRole>
<identifying>false</identifying>
<optionalSource>true</optionalSource>
<optionalTarget>false</optionalTarget>
<sourceCardinality>1</sourceCardinality>
<sourceEntity>F8380BDA-1007-DC62-3B77-627D7944544A</sourceEntity>
<targetCardinalityString>1</targetCardinalityString>
<targetEntity>D900DE92-E498-751D-06BC-D40CBC892697</targetEntity>
<transferable>true</transferable>
<deleteRule>NO ACTION</deleteRule>
</Relation>