<?xml version = '1.0' encoding = 'UTF-8'?>
<Relation class="oracle.dbtools.crest.model.design.logical.Relation" name="FK_ANEXO_CONTRATO" directorySegmentName="seg_0" id="69D5E4D5-DD5A-56C7-930D-3FEDC52A53BD">
<createdBy>exequ</createdBy>
<createdTime>2025-08-31 12:17:52 UTC</createdTime>
<generatorID>97B37937-7521-F420-CF25-6E10CCB281CE</generatorID>
<ownerDesignName>archivo</ownerDesignName>
<engineerTo>
<item key="1C0309CF-8E8A-A439-4F18-8DD93CBBCAF2" value="true"/>
</engineerTo>
<sourcePk>EF353AC1-7053-890D-E560-00772A9F9702</sourcePk>
<identifying>false</identifying>
<optionalSource>true</optionalSource>
<optionalTarget>false</optionalTarget>
<sourceCardinality>1</sourceCardinality>
<sourceEntity>0FF4DE42-55EC-D348-1B54-234C573555FA</sourceEntity>
<targetCardinalityString>*</targetCardinalityString>
<targetEntity>D8077FAA-0280-5AD2-1418-8EA78F8F1ED0</targetEntity>
<transferable>true</transferable>
<deleteRule>NO ACTION</deleteRule>
</Relation>