<?xml version = '1.0' encoding = 'UTF-8'?>
<Relation class="oracle.dbtools.crest.model.design.logical.Relation" name="FK_MEDICO_PERSONAL" directorySegmentName="seg_0" id="849C147A-7B69-F4B3-9C9A-42475453A9DE">
<createdBy>exequ</createdBy>
<createdTime>2025-08-31 12:17:52 UTC</createdTime>
<generatorID>C14B3168-F143-4EA1-E87F-64EADC72F5C8</generatorID>
<ownerDesignName>archivo</ownerDesignName>
<engineerTo>
<item key="1C0309CF-8E8A-A439-4F18-8DD93CBBCAF2" value="true"/>
</engineerTo>
<sourcePk>2A9CF5D5-0BAA-665C-5F83-12FDF568ED4C</sourcePk>
<dominantRole>D959A539-A1C9-93AF-24CF-C52AAD828F33</dominantRole>
<identifying>true</identifying>
<optionalSource>true</optionalSource>
<optionalTarget>false</optionalTarget>
<sourceCardinality>1</sourceCardinality>
<sourceEntity>D959A539-A1C9-93AF-24CF-C52AAD828F33</sourceEntity>
<targetCardinalityString>1</targetCardinalityString>
<targetEntity>EE10307B-1BAD-3154-3829-05910B94557D</targetEntity>
<transferable>true</transferable>
<deleteRule>NO ACTION</deleteRule>
</Relation>