<?xml version = '1.0' encoding = 'UTF-8'?>
<Relation class="oracle.dbtools.crest.model.design.logical.Relation" name="FK_CUIDADOR_PERSONAL" directorySegmentName="seg_0" id="84F9A1F0-B0BC-64AC-178F-FD890C16D767">
<createdBy>exequ</createdBy>
<createdTime>2025-08-31 12:17:52 UTC</createdTime>
<generatorID>F7D62E9D-D909-B779-200D-4A05B6662E39</generatorID>
<ownerDesignName>archivo</ownerDesignName>
<engineerTo>
<item key="1C0309CF-8E8A-A439-4F18-8DD93CBBCAF2" value="true"/>
</engineerTo>
<sourcePk>2A9CF5D5-0BAA-665C-5F83-12FDF568ED4C</sourcePk>
<dominantRole>D959A539-A1C9-93AF-24CF-C52AAD828F33</dominantRole>
<identifying>true</identifying>
<optionalSource>true</optionalSource>
<optionalTarget>false</optionalTarget>
<sourceCardinality>1</sourceCardinality>
<sourceEntity>D959A539-A1C9-93AF-24CF-C52AAD828F33</sourceEntity>
<targetCardinalityString>1</targetCardinalityString>
<targetEntity>BD964422-2421-F673-B886-36C78AF90CB6</targetEntity>
<transferable>true</transferable>
<deleteRule>NO ACTION</deleteRule>
</Relation>