<?xml version = '1.0' encoding = 'UTF-8'?>
<Relation class="oracle.dbtools.crest.model.design.logical.Relation" name="FK_ANEXO_RESIDENTE" directorySegmentName="seg_0" id="8C914CF8-3E08-A661-B41D-29AFBDEC3A15">
<createdBy>exequ</createdBy>
<createdTime>2025-08-31 12:17:52 UTC</createdTime>
<generatorID>901057AA-BCEE-10D5-1390-7155FD35F25D</generatorID>
<ownerDesignName>archivo</ownerDesignName>
<engineerTo>
<item key="1C0309CF-8E8A-A439-4F18-8DD93CBBCAF2" value="true"/>
</engineerTo>
<sourcePk>A5417602-C16C-A5A9-C0E6-E08CBC2729C9</sourcePk>
<identifying>false</identifying>
<optionalSource>true</optionalSource>
<optionalTarget>false</optionalTarget>
<sourceCardinality>1</sourceCardinality>
<sourceEntity>D900DE92-E498-751D-06BC-D40CBC892697</sourceEntity>
<targetCardinalityString>*</targetCardinalityString>
<targetEntity>D8077FAA-0280-5AD2-1418-8EA78F8F1ED0</targetEntity>
<transferable>true</transferable>
<deleteRule>NO ACTION</deleteRule>
</Relation>