<?xml version = '1.0' encoding = 'UTF-8'?>
<Relation class="oracle.dbtools.crest.model.design.logical.Relation" name="FK_TEMPORAL_RESIDENTE" directorySegmentName="seg_0" id="B9F6D5E9-454B-DC4E-4D25-0AE62899D2B8">
<createdBy>exequ</createdBy>
<createdTime>2025-08-31 12:17:52 UTC</createdTime>
<generatorID>464461A0-0F6E-9F5A-6D38-400807B977EA</generatorID>
<ownerDesignName>archivo</ownerDesignName>
<engineerTo>
<item key="1C0309CF-8E8A-A439-4F18-8DD93CBBCAF2" value="true"/>
</engineerTo>
<sourcePk>A5417602-C16C-A5A9-C0E6-E08CBC2729C9</sourcePk>
<dominantRole>D900DE92-E498-751D-06BC-D40CBC892697</dominantRole>
<identifying>true</identifying>
<optionalSource>true</optionalSource>
<optionalTarget>false</optionalTarget>
<sourceCardinality>1</sourceCardinality>
<sourceEntity>D900DE92-E498-751D-06BC-D40CBC892697</sourceEntity>
<targetCardinalityString>1</targetCardinalityString>
<targetEntity>29EC16EE-46F3-A9AB-C27A-FC8F375147CF</targetEntity>
<transferable>true</transferable>
<deleteRule>NO ACTION</deleteRule>
</Relation>