<?xml version = '1.0' encoding = 'UTF-8'?>
<Relation class="oracle.dbtools.crest.model.design.logical.Relation" name="FK_HABITACION_RESIDENCIA" directorySegmentName="seg_0" id="C9C651A0-7850-A505-1891-2ED2ADE1060E">
<createdBy>exequ</createdBy>
<createdTime>2025-08-31 12:17:52 UTC</createdTime>
<generatorID>5D85B6CE-A343-1CF9-E537-43F3F972A9F9</generatorID>
<ownerDesignName>archivo</ownerDesignName>
<engineerTo>
<item key="1C0309CF-8E8A-A439-4F18-8DD93CBBCAF2" value="true"/>
</engineerTo>
<sourcePk>C5CE14FB-BFD1-227B-8C7A-21003D33177B</sourcePk>
<identifying>false</identifying>
<optionalSource>true</optionalSource>
<optionalTarget>false</optionalTarget>
<sourceCardinality>1</sourceCardinality>
<sourceEntity>F54C3A3E-48BA-D421-89FB-7D68444B1AD2</sourceEntity>
<targetCardinalityString>*</targetCardinalityString>
<targetEntity>F8380BDA-1007-DC62-3B77-627D7944544A</targetEntity>
<transferable>true</transferable>
<deleteRule>NO ACTION</deleteRule>
</Relation>