<?xml version = '1.0' encoding = 'UTF-8'?>
<Relation class="oracle.dbtools.crest.model.design.logical.Relation" name="FK_CONTRATO_APODERADO" directorySegmentName="seg_0" id="E897FEBE-FCE8-77F1-B960-BB132E9D8C37">
<createdBy>exequ</createdBy>
<createdTime>2025-08-31 12:17:52 UTC</createdTime>
<generatorID>D2788BF7-9AC7-3C49-FFAF-59AE8E6A43EC</generatorID>
<ownerDesignName>archivo</ownerDesignName>
<engineerTo>
<item key="1C0309CF-8E8A-A439-4F18-8DD93CBBCAF2" value="true"/>
</engineerTo>
<sourcePk>F8B11CBC-7C49-4256-FC19-D1FB99F0BF21</sourcePk>
<identifying>false</identifying>
<optionalSource>true</optionalSource>
<optionalTarget>false</optionalTarget>
<sourceCardinality>1</sourceCardinality>
<sourceEntity>D2265EB9-BB02-8440-5C0B-D1CD03331AE7</sourceEntity>
<targetCardinalityString>*</targetCardinalityString>
<targetEntity>0FF4DE42-55EC-D348-1B54-234C573555FA</targetEntity>
<transferable>true</transferable>
<deleteRule>NO ACTION</deleteRule>
</Relation>