<?xml version = '1.0' encoding = 'UTF-8'?>
<Relation class="oracle.dbtools.crest.model.design.logical.Relation" name="FK_MEDICO_SUPERVISOR" directorySegmentName="seg_0" id="FE6A02A5-6741-55D2-8A59-533843F7346C">
<createdBy>exequ</createdBy>
<createdTime>2025-08-31 12:17:52 UTC</createdTime>
<generatorID>BE6AFCE3-451A-D601-AE6A-E219CC82A9EA</generatorID>
<ownerDesignName>archivo</ownerDesignName>
<engineerTo>
<item key="1C0309CF-8E8A-A439-4F18-8DD93CBBCAF2" value="true"/>
</engineerTo>
<targetPk>CE7D4DF1-4770-44C1-9E9C-749494D181DB</targetPk>
<identifying>false</identifying>
<optionalSource>true</optionalSource>
<optionalTarget>true</optionalTarget>
<sourceCardinality>1</sourceCardinality>
<sourceEntity>EE10307B-1BAD-3154-3829-05910B94557D</sourceEntity>
<targetCardinalityString>*</targetCardinalityString>
<targetEntity>EE10307B-1BAD-3154-3829-05910B94557D</targetEntity>
<transferable>true</transferable>
<deleteRule>NO ACTION</deleteRule>
</Relation>