<?xml version = '1.0' encoding = 'UTF-8'?>
<UserOraclev10g class="oracle.dbtools.crest.model.design.storage.oracle.v10g.UserOraclev10g" name="C##EXEQUIEL" directorySegmentName="seg_0" id="F1E66A11-774C-348C-F7F1-5CF72FBD7647">
<sourceConnName>XE-exequiel</sourceConnName>
<sourceObjName>C##EXEQUIEL</sourceObjName>
<createdBy>exequ</createdBy>
<createdTime>2025-08-31 12:12:36 UTC</createdTime>
<ownerDesignName>archivo</ownerDesignName>
<schemaObject>FE6AD013-8C98-F24A-314B-ED49CB1F997A</schemaObject>
</UserOraclev10g>