<?xml version = '1.0' encoding = 'UTF-8'?>
<Diagram class="oracle.dbtools.crest.swingui.logical.DPVLogical" name="Logical" id="4ECBDEE2-B94F-E1AB-504B-F2C064BA9E23">
<createdBy>exequ</createdBy>
<modifiedBy>exequ</modifiedBy>
<createdTime>2025-08-31 12:17:52 UTC</createdTime>
<autoRoute>false</autoRoute>
<boxInbox>true</boxInbox>
<showLegend>true</showLegend>
<showLabels>false</showLabels>
<showRelAttributes>false</showRelAttributes>
<gridEnabled>false</gridEnabled>
<showGrid>false</showGrid>
<diagramColor>-1</diagramColor>
<display>false</display>
<notation>2</notation>
<objectViews>
<OView class="oracle.dbtools.crest.swingui.logical.TVEntity" oid="0FF4DE42-55EC-D348-1B54-234C573555FA" otype="Entity" vid="F83C89E3-CD55-71D0-3BE0-3960A2A03425">
<hideElementsInCurrentOnly>false</hideElementsInCurrentOnly>
<bounds x="832" y="50" width="285" height="156"/>
</OView>
<OView class="oracle.dbtools.crest.swingui.logical.TVEntity" oid="29EC16EE-46F3-A9AB-C27A-FC8F375147CF" otype="Entity" vid="0622F642-635B-B105-B218-DE18B4CA96EE">
<hideElementsInCurrentOnly>false</hideElementsInCurrentOnly>
<bounds x="381" y="543" width="307" height="114"/>
</OView>
<OView class="oracle.dbtools.crest.swingui.logical.TVEntity" oid="BD964422-2421-F673-B886-36C78AF90CB6" otype="Entity" vid="CC4B79DA-DFFE-4B83-E972-B5BDABDFBC03">
<hideElementsInCurrentOnly>false</hideElementsInCurrentOnly>
<bounds x="1121" y="795" width="261" height="100"/>
</OView>
<OView class="oracle.dbtools.crest.swingui.logical.TVEntity" oid="D2265EB9-BB02-8440-5C0B-D1CD03331AE7" otype="Entity" vid="27B204A8-0F49-1E1F-EE94-9748B5E95086">
<hideElementsInCurrentOnly>false</hideElementsInCurrentOnly>
<bounds x="1211" y="65" width="264" height="108"/>
</OView>
<OView class="oracle.dbtools.crest.swingui.logical.TVEntity" oid="D5F3BA17-BB2C-962A-85A9-AA4C377919D4" otype="Entity" vid="23355324-6CCE-B1AC-8D26-BAEE2D40B7C3">
<hideElementsInCurrentOnly>false</hideElementsInCurrentOnly>
<bounds x="40" y="284" width="286" height="114"/>
</OView>
<OView class="oracle.dbtools.crest.swingui.logical.TVEntity" oid="D8077FAA-0280-5AD2-1418-8EA78F8F1ED0" otype="Entity" vid="FCBC49CD-AC4E-CF5C-3CD8-B5E68383DFD9">
<hideElementsInCurrentOnly>false</hideElementsInCurrentOnly>
<bounds x="414" y="47" width="311" height="184"/>
</OView>
<OView class="oracle.dbtools.crest.swingui.logical.TVEntity" oid="D900DE92-E498-751D-06BC-D40CBC892697" otype="Entity" vid="C56CAE84-9D69-8D99-AE9A-A5933109F06F">
<hideElementsInCurrentOnly>false</hideElementsInCurrentOnly>
<bounds x="409" y="293" width="287" height="170"/>
</OView>
<OView class="oracle.dbtools.crest.swingui.logical.TVEntity" oid="D959A539-A1C9-93AF-24CF-C52AAD828F33" otype="Entity" vid="24678640-9FBF-E423-52D3-A9EAA90C6C30">
<hideElementsInCurrentOnly>false</hideElementsInCurrentOnly>
<bounds x="747" y="784" width="265" height="142"/>
</OView>
<OView class="oracle.dbtools.crest.swingui.logical.TVEntity" oid="EE10307B-1BAD-3154-3829-05910B94557D" otype="Entity" vid="BBF3768D-EB47-A9BE-0C0D-13519F557C9F">
<hideElementsInCurrentOnly>false</hideElementsInCurrentOnly>
<bounds x="361" y="708" width="271" height="142"/>
</OView>
<OView class="oracle.dbtools.crest.swingui.logical.TVEntity" oid="F54C3A3E-48BA-D421-89FB-7D68444B1AD2" otype="Entity" vid="87EE955A-728F-31CE-A85E-FF2A36687014">
<hideElementsInCurrentOnly>false</hideElementsInCurrentOnly>
<bounds x="774" y="519" width="250" height="136"/>
</OView>
<OView class="oracle.dbtools.crest.swingui.logical.TVEntity" oid="F8380BDA-1007-DC62-3B77-627D7944544A" otype="Entity" vid="9795E058-492C-FD36-9E37-032D0F869EA9">
<hideElementsInCurrentOnly>false</hideElementsInCurrentOnly>
<bounds x="769" y="273" width="272" height="142"/>
</OView>
<OView class="oracle.dbtools.crest.swingui.TVLegend" oid="FD2EACC9-FA4A-FBD0-42C3-FD31035B7232" otype="Legend" vid="23E0879A-54DB-9F90-934D-68123A0D0138">
<hideElementsInCurrentOnly>false</hideElementsInCurrentOnly>
<bounds x="10" y="10" width="232" height="135"/>
</OView>
</objectViews>
<connectors>
<Connector class="oracle.dbtools.crest.swingui.logical.TVRelation" oid="11F90AAA-84DA-44AC-9158-A54486369513" otype="Relation" vid_source="C56CAE84-9D69-8D99-AE9A-A5933109F06F" vid_target="23355324-6CCE-B1AC-8D26-BAEE2D40B7C3">
<hideElementsInCurrentOnly>false</hideElementsInCurrentOnly>
<backgroundColor>-16777216</backgroundColor>
<lineWidth>1</lineWidth>
<points>
<point x="409" y="360"/>
<point x="326" y="360"/>
</points>
</Connector>
<Connector class="oracle.dbtools.crest.swingui.logical.TVRelation" oid="131AEC24-A13F-CF53-8C15-C884B3A9B59B" otype="Relation" vid_source="87EE955A-728F-31CE-A85E-FF2A36687014" vid_target="24678640-9FBF-E423-52D3-A9EAA90C6C30">
<hideElementsInCurrentOnly>false</hideElementsInCurrentOnly>
<backgroundColor>-16777216</backgroundColor>
<lineWidth>1</lineWidth>
<points>
<point x="908" y="655"/>
<point x="908" y="784"/>
</points>
</Connector>
<Connector class="oracle.dbtools.crest.swingui.logical.TVRelation" oid="56A11FF3-0FC5-B35F-4181-6B5CB5D6E598" otype="Relation" vid_source="9795E058-492C-FD36-9E37-032D0F869EA9" vid_target="C56CAE84-9D69-8D99-AE9A-A5933109F06F">
<hideElementsInCurrentOnly>false</hideElementsInCurrentOnly>
<backgroundColor>-16777216</backgroundColor>
<lineWidth>1</lineWidth>
<points>
<point x="769" y="369"/>
<point x="696" y="369"/>
</points>
</Connector>
<Connector class="oracle.dbtools.crest.swingui.logical.TVRelation" oid="69D5E4D5-DD5A-56C7-930D-3FEDC52A53BD" otype="Relation" vid_source="F83C89E3-CD55-71D0-3BE0-3960A2A03425" vid_target="FCBC49CD-AC4E-CF5C-3CD8-B5E68383DFD9">
<hideElementsInCurrentOnly>false</hideElementsInCurrentOnly>
<backgroundColor>-16777216</backgroundColor>
<lineWidth>1</lineWidth>
<points>
<point x="832" y="143"/>
<point x="725" y="143"/>
</points>
</Connector>
<Connector class="oracle.dbtools.crest.swingui.logical.TVRelation" oid="849C147A-7B69-F4B3-9C9A-42475453A9DE" otype="Relation" vid_source="24678640-9FBF-E423-52D3-A9EAA90C6C30" vid_target="BBF3768D-EB47-A9BE-0C0D-13519F557C9F">
<hideElementsInCurrentOnly>false</hideElementsInCurrentOnly>
<backgroundColor>-16777216</backgroundColor>
<lineWidth>1</lineWidth>
<points>
<point x="747" y="832"/>
<point x="632" y="832"/>
</points>
</Connector>
<Connector class="oracle.dbtools.crest.swingui.logical.TVRelation" oid="84F9A1F0-B0BC-64AC-178F-FD890C16D767" otype="Relation" vid_source="24678640-9FBF-E423-52D3-A9EAA90C6C30" vid_target="CC4B79DA-DFFE-4B83-E972-B5BDABDFBC03">
<hideElementsInCurrentOnly>false</hideElementsInCurrentOnly>
<backgroundColor>-16777216</backgroundColor>
<lineWidth>1</lineWidth>
<points>
<point x="1012" y="860"/>
<point x="1121" y="860"/>
</points>
</Connector>
<Connector class="oracle.dbtools.crest.swingui.logical.TVRelation" oid="8C914CF8-3E08-A661-B41D-29AFBDEC3A15" otype="Relation" vid_source="C56CAE84-9D69-8D99-AE9A-A5933109F06F" vid_target="FCBC49CD-AC4E-CF5C-3CD8-B5E68383DFD9">
<hideElementsInCurrentOnly>false</hideElementsInCurrentOnly>
<backgroundColor>-16777216</backgroundColor>
<lineWidth>1</lineWidth>
<points>
<point x="570" y="293"/>
<point x="570" y="231"/>
</points>
</Connector>
<Connector class="oracle.dbtools.crest.swingui.logical.TVRelation" oid="B9F6D5E9-454B-DC4E-4D25-0AE62899D2B8" otype="Relation" vid_source="C56CAE84-9D69-8D99-AE9A-A5933109F06F" vid_target="0622F642-635B-B105-B218-DE18B4CA96EE">
<hideElementsInCurrentOnly>false</hideElementsInCurrentOnly>
<backgroundColor>-16777216</backgroundColor>
<lineWidth>1</lineWidth>
<points>
<point x="563" y="463"/>
<point x="563" y="543"/>
</points>
</Connector>
<Connector class="oracle.dbtools.crest.swingui.logical.TVRelation" oid="C9C651A0-7850-A505-1891-2ED2ADE1060E" otype="Relation" vid_source="87EE955A-728F-31CE-A85E-FF2A36687014" vid_target="9795E058-492C-FD36-9E37-032D0F869EA9">
<hideElementsInCurrentOnly>false</hideElementsInCurrentOnly>
<backgroundColor>-16777216</backgroundColor>
<lineWidth>1</lineWidth>
<points>
<point x="914" y="519"/>
<point x="914" y="415"/>
</points>
</Connector>
<Connector class="oracle.dbtools.crest.swingui.logical.TVRelation" oid="E897FEBE-FCE8-77F1-B960-BB132E9D8C37" otype="Relation" vid_source="27B204A8-0F49-1E1F-EE94-9748B5E95086" vid_target="F83C89E3-CD55-71D0-3BE0-3960A2A03425">
<hideElementsInCurrentOnly>false</hideElementsInCurrentOnly>
<backgroundColor>-16777216</backgroundColor>
<lineWidth>1</lineWidth>
<points>
<point x="1211" y="134"/>
<point x="1117" y="134"/>
</points>
</Connector>
<Connector class="oracle.dbtools.crest.swingui.logical.TVRelation" oid="FE6A02A5-6741-55D2-8A59-533843F7346C" otype="Relation" vid_source="BBF3768D-EB47-A9BE-0C0D-13519F557C9F" vid_target="BBF3768D-EB47-A9BE-0C0D-13519F557C9F">
<hideElementsInCurrentOnly>false</hideElementsInCurrentOnly>
<backgroundColor>-16777216</backgroundColor>
<lineWidth>1</lineWidth>
<points>
<point x="632" y="791"/>
<point x="682" y="791"/>
<point x="682" y="900"/>
<point x="520" y="900"/>
<point x="520" y="850"/>
</points>
</Connector>
</connectors>
</Diagram>