<?xml version = '1.0' encoding = 'UTF-8'?>
<TableProxyOraclev20c class="oracle.dbtools.crest.model.design.storage.oracle.v20c.TableProxyOraclev20c" name="RESIDENCIA" directorySegmentName="seg_0" id="2658C297-FD74-8FAC-F0B2-F8B4D3D472B0">
<createdBy>exequ</createdBy>
<createdTime>2025-08-31 12:12:37 UTC</createdTime>
<ownerDesignName>archivo</ownerDesignName>
<logging>YES</logging>
<partitionedRowMovement>DISABLE</partitionedRowMovement>
<segment>087DABF3-745D-8F98-F401-1B8E897B26AF</segment>
<tableSpace>53A656E9-C2B8-F201-C91C-65FA042126ED</tableSpace>
<temporaryChanged>false</temporaryChanged>
<accessDriverType>oracle_loader</accessDriverType>
<rejectLimit></rejectLimit>
<inMemory>NO</inMemory>
<columnProxies itemClass="oracle.dbtools.crest.model.design.storage.oracle.v12c.ColumnProxyOraclev12c">
<ColumnProxy name="COMUNA" id="019BEA58-30B6-B5A1-4664-1C1A22EF2520">
<createdBy>exequ</createdBy>
<createdTime>2025-08-31 12:12:37 UTC</createdTime>
<ownerDesignName>archivo</ownerDesignName>
</ColumnProxy>
<ColumnProxy name="DIRECCION" id="28488C64-7957-60E0-7497-A3BC3A66118B">
<createdBy>exequ</createdBy>
<createdTime>2025-08-31 12:12:37 UTC</createdTime>
<ownerDesignName>archivo</ownerDesignName>
</ColumnProxy>
<ColumnProxy name="ID_RESIDENCIA" id="5F998EFF-518D-A6E9-48B1-144BB179FCAA">
<createdBy>exequ</createdBy>
<createdTime>2025-08-31 12:12:37 UTC</createdTime>
<ownerDesignName>archivo</ownerDesignName>
</ColumnProxy>
<ColumnProxy name="NOMBRE" id="CBF42AB0-ECF0-EBC2-DB74-B76244852D14">
<createdBy>exequ</createdBy>
<createdTime>2025-08-31 12:12:37 UTC</createdTime>
<ownerDesignName>archivo</ownerDesignName>
</ColumnProxy>
</columnProxies>
<indexProxies>
<IndexProxy class="oracle.dbtools.crest.model.design.storage.oracle.v10g.IndexProxyOraclev10g" name="PK_RESIDENCIA" id="EFBF23C2-FCCB-22E8-B9DD-90A0F512171D">
<createdBy>exequ</createdBy>
<createdTime>2025-08-31 12:12:40 UTC</createdTime>
<ownerDesignName>archivo</ownerDesignName>
<schemaObject>FE6AD013-8C98-F24A-314B-ED49CB1F997A</schemaObject>
<segment>F343A85A-9731-4688-A2FF-8D836D80AD13</segment>
<tableSpace>53A656E9-C2B8-F201-C91C-65FA042126ED</tableSpace>
</IndexProxy>
</indexProxies>
<primaryKeys>
<PrimaryKey class="oracle.dbtools.crest.model.design.storage.oracle.v10g.PKProxyOraclev10g" name="PK_RESIDENCIA" id="D3F351D9-5AE8-31B0-9971-57D4E8CD7164">
<createdBy>exequ</createdBy>
<createdTime>2025-08-31 12:12:41 UTC</createdTime>
<ownerDesignName>archivo</ownerDesignName>
<segment>F343A85A-9731-4688-A2FF-8D836D80AD13</segment>
<tableSpace>53A656E9-C2B8-F201-C91C-65FA042126ED</tableSpace>
<existingIndex>EFBF23C2-FCCB-22E8-B9DD-90A0F512171D</existingIndex>
<indexSegment>F343A85A-9731-4688-A2FF-8D836D80AD13</indexSegment>
<indexSort>SORTED</indexSort>
<usingIndex>BY INDEX NAME</usingIndex>
</PrimaryKey>
</primaryKeys>
<uniqueKeys>
<UniqueKey class="oracle.dbtools.crest.model.design.storage.oracle.v10g.UniqueOraclev10g" name="RESIDENCIA_DIRECCION_UN" id="D26F24B4-EDD3-38FB-7D3D-332F7218E022">
<createdBy>exequ</createdBy>
<createdTime>2025-08-31 12:12:41 UTC</createdTime>
<ownerDesignName>archivo</ownerDesignName>
<schemaObject>FE6AD013-8C98-F24A-314B-ED49CB1F997A</schemaObject>
<segment>F343A85A-9731-4688-A2FF-8D836D80AD13</segment>
<tableSpace>53A656E9-C2B8-F201-C91C-65FA042126ED</tableSpace>
<indexSegment>F343A85A-9731-4688-A2FF-8D836D80AD13</indexSegment>
<indexSort>SORTED</indexSort>
<usingIndex>BY INDEX NAME</usingIndex>
</UniqueKey>
</uniqueKeys>
</TableProxyOraclev20c>