<?xml version = '1.0' encoding = 'UTF-8'?>
<TableProxyOraclev20c class="oracle.dbtools.crest.model.design.storage.oracle.v20c.TableProxyOraclev20c" name="CONTRATO" directorySegmentName="seg_0" id="42143EB2-3F51-DC37-96FE-930F652B8A3A">
<createdBy>exequ</createdBy>
<createdTime>2025-08-31 12:12:37 UTC</createdTime>
<ownerDesignName>archivo</ownerDesignName>
<logging>YES</logging>
<partitionedRowMovement>DISABLE</partitionedRowMovement>
<segment>087DABF3-745D-8F98-F401-1B8E897B26AF</segment>
<tableSpace>53A656E9-C2B8-F201-C91C-65FA042126ED</tableSpace>
<temporaryChanged>false</temporaryChanged>
<accessDriverType>oracle_loader</accessDriverType>
<rejectLimit></rejectLimit>
<inMemory>NO</inMemory>
<columnProxies itemClass="oracle.dbtools.crest.model.design.storage.oracle.v12c.ColumnProxyOraclev12c">
<ColumnProxy name="RUT_APODERADO" id="1C455FF8-B43E-006B-0DC5-69810E5B5B5B">
<createdBy>exequ</createdBy>
<createdTime>2025-08-31 12:12:37 UTC</createdTime>
<ownerDesignName>archivo</ownerDesignName>
</ColumnProxy>
<ColumnProxy name="FECHA_INICIO" id="47BB6B9F-D2DF-0B10-B346-F233BF1E4F18">
<createdBy>exequ</createdBy>
<createdTime>2025-08-31 12:12:37 UTC</createdTime>
<ownerDesignName>archivo</ownerDesignName>
</ColumnProxy>
<ColumnProxy name="TIPO_FINANCIAMIENTO" id="7AD214D6-B131-1EE4-57F9-66AD66A50D4F">
<createdBy>exequ</createdBy>
<createdTime>2025-08-31 12:12:37 UTC</createdTime>
<ownerDesignName>archivo</ownerDesignName>
</ColumnProxy>
<ColumnProxy name="ID_CONTRATO" id="B213D20A-75A5-BAE2-9B2E-2B916A2231A3">
<createdBy>exequ</createdBy>
<createdTime>2025-08-31 12:12:37 UTC</createdTime>
<ownerDesignName>archivo</ownerDesignName>
</ColumnProxy>
<ColumnProxy name="FECHA_TERMINO" id="CCF79C6C-B133-C95A-2413-DA8640FE0DFA">
<createdBy>exequ</createdBy>
<createdTime>2025-08-31 12:12:37 UTC</createdTime>
<ownerDesignName>archivo</ownerDesignName>
</ColumnProxy>
</columnProxies>
<indexProxies>
<IndexProxy class="oracle.dbtools.crest.model.design.storage.oracle.v10g.IndexProxyOraclev10g" name="PK_CONTRATO" id="56097B91-69C7-CA90-AFF8-E28EC69063A3">
<createdBy>exequ</createdBy>
<createdTime>2025-08-31 12:12:40 UTC</createdTime>
<ownerDesignName>archivo</ownerDesignName>
<schemaObject>FE6AD013-8C98-F24A-314B-ED49CB1F997A</schemaObject>
<segment>F343A85A-9731-4688-A2FF-8D836D80AD13</segment>
<tableSpace>53A656E9-C2B8-F201-C91C-65FA042126ED</tableSpace>
</IndexProxy>
</indexProxies>
<foreignKeys>
<ForeignKey class="oracle.dbtools.crest.model.design.storage.oracle.v10g.FKProxyOraclev10g" name="FK_CONTRATO_APODERADO" id="8A7E56D4-568B-DF88-2EA6-E71796FB2B73">
<createdBy>exequ</createdBy>
<createdTime>2025-08-31 12:12:41 UTC</createdTime>
<ownerDesignName>archivo</ownerDesignName>
</ForeignKey>
</foreignKeys>
<primaryKeys>
<PrimaryKey class="oracle.dbtools.crest.model.design.storage.oracle.v10g.PKProxyOraclev10g" name="PK_CONTRATO" id="D2560BCB-D7FF-1998-8C0F-384437C95800">
<createdBy>exequ</createdBy>
<createdTime>2025-08-31 12:12:41 UTC</createdTime>
<ownerDesignName>archivo</ownerDesignName>
<segment>F343A85A-9731-4688-A2FF-8D836D80AD13</segment>
<tableSpace>53A656E9-C2B8-F201-C91C-65FA042126ED</tableSpace>
<existingIndex>56097B91-69C7-CA90-AFF8-E28EC69063A3</existingIndex>
<indexSegment>F343A85A-9731-4688-A2FF-8D836D80AD13</indexSegment>
<indexSort>SORTED</indexSort>
<usingIndex>BY INDEX NAME</usingIndex>
</PrimaryKey>
</primaryKeys>
</TableProxyOraclev20c>