<?xml version = '1.0' encoding = 'UTF-8'?>
<TableProxyOraclev20c class="oracle.dbtools.crest.model.design.storage.oracle.v20c.TableProxyOraclev20c" name="MEDICO" directorySegmentName="seg_0" id="53D6D7BA-91D2-3306-C875-A16F54E3A9F9">
<createdBy>exequ</createdBy>
<createdTime>2025-08-31 12:12:37 UTC</createdTime>
<ownerDesignName>archivo</ownerDesignName>
<logging>YES</logging>
<partitionedRowMovement>DISABLE</partitionedRowMovement>
<segment>087DABF3-745D-8F98-F401-1B8E897B26AF</segment>
<tableSpace>53A656E9-C2B8-F201-C91C-65FA042126ED</tableSpace>
<temporaryChanged>false</temporaryChanged>
<accessDriverType>oracle_loader</accessDriverType>
<rejectLimit></rejectLimit>
<inMemory>NO</inMemory>
<columnProxies itemClass="oracle.dbtools.crest.model.design.storage.oracle.v12c.ColumnProxyOraclev12c">
<ColumnProxy name="RUT_PERSONAL" id="598BA2B1-3DD1-2C2C-2DFC-70C06329EED0">
<createdBy>exequ</createdBy>
<createdTime>2025-08-31 12:12:37 UTC</createdTime>
<ownerDesignName>archivo</ownerDesignName>
</ColumnProxy>
<ColumnProxy name="ESPECIALIDAD" id="C3AA57FD-9415-C86A-500C-F89F24CF1029">
<createdBy>exequ</createdBy>
<createdTime>2025-08-31 12:12:37 UTC</createdTime>
<ownerDesignName>archivo</ownerDesignName>
</ColumnProxy>
<ColumnProxy name="RUT_SUPERVISOR" id="FF39096B-DA38-52A6-2D37-FB88270F483A">
<createdBy>exequ</createdBy>
<createdTime>2025-08-31 12:12:37 UTC</createdTime>
<ownerDesignName>archivo</ownerDesignName>
</ColumnProxy>
</columnProxies>
<indexProxies>
<IndexProxy class="oracle.dbtools.crest.model.design.storage.oracle.v10g.IndexProxyOraclev10g" name="PK_MEDICO" id="09579B0F-9D16-DA54-FC71-E412CD50EA39">
<createdBy>exequ</createdBy>
<createdTime>2025-08-31 12:12:40 UTC</createdTime>
<ownerDesignName>archivo</ownerDesignName>
<schemaObject>FE6AD013-8C98-F24A-314B-ED49CB1F997A</schemaObject>
<segment>F343A85A-9731-4688-A2FF-8D836D80AD13</segment>
<tableSpace>53A656E9-C2B8-F201-C91C-65FA042126ED</tableSpace>
</IndexProxy>
</indexProxies>
<foreignKeys>
<ForeignKey class="oracle.dbtools.crest.model.design.storage.oracle.v10g.FKProxyOraclev10g" name="FK_MEDICO_PERSONAL" id="77A17338-ED63-0C17-187D-F47ECBB8E8A6">
<createdBy>exequ</createdBy>
<createdTime>2025-08-31 12:12:41 UTC</createdTime>
<ownerDesignName>archivo</ownerDesignName>
</ForeignKey>
<ForeignKey class="oracle.dbtools.crest.model.design.storage.oracle.v10g.FKProxyOraclev10g" name="FK_MEDICO_SUPERVISOR" id="D87C91A5-5F77-4176-4824-54A4EBD9391F">
<createdBy>exequ</createdBy>
<createdTime>2025-08-31 12:12:41 UTC</createdTime>
<ownerDesignName>archivo</ownerDesignName>
</ForeignKey>
</foreignKeys>
<primaryKeys>
<PrimaryKey class="oracle.dbtools.crest.model.design.storage.oracle.v10g.PKProxyOraclev10g" name="PK_MEDICO" id="AE39E941-121C-D4E7-EC66-62657AACBF91">
<createdBy>exequ</createdBy>
<createdTime>2025-08-31 12:12:41 UTC</createdTime>
<ownerDesignName>archivo</ownerDesignName>
<segment>F343A85A-9731-4688-A2FF-8D836D80AD13</segment>
<tableSpace>53A656E9-C2B8-F201-C91C-65FA042126ED</tableSpace>
<existingIndex>09579B0F-9D16-DA54-FC71-E412CD50EA39</existingIndex>
<indexSegment>F343A85A-9731-4688-A2FF-8D836D80AD13</indexSegment>
<indexSort>SORTED</indexSort>
<usingIndex>BY INDEX NAME</usingIndex>
</PrimaryKey>
</primaryKeys>
</TableProxyOraclev20c>