<?xml version = '1.0' encoding = 'UTF-8'?>
<TableProxyOraclev20c class="oracle.dbtools.crest.model.design.storage.oracle.v20c.TableProxyOraclev20c" name="PERMANENTE" directorySegmentName="seg_0" id="D25B8586-2E57-DBBD-EE41-97BC91511530">
<createdBy>exequ</createdBy>
<createdTime>2025-08-31 12:12:37 UTC</createdTime>
<ownerDesignName>archivo</ownerDesignName>
<logging>YES</logging>
<partitionedRowMovement>DISABLE</partitionedRowMovement>
<segment>087DABF3-745D-8F98-F401-1B8E897B26AF</segment>
<tableSpace>53A656E9-C2B8-F201-C91C-65FA042126ED</tableSpace>
<temporaryChanged>false</temporaryChanged>
<accessDriverType>oracle_loader</accessDriverType>
<rejectLimit></rejectLimit>
<inMemory>NO</inMemory>
<columnProxies itemClass="oracle.dbtools.crest.model.design.storage.oracle.v12c.ColumnProxyOraclev12c">
<ColumnProxy name="HISTORIAL_CLINICO" id="B699A8CD-79A8-A989-3C84-8EE740FBD99A">
<createdBy>exequ</createdBy>
<createdTime>2025-08-31 12:12:37 UTC</createdTime>
<ownerDesignName>archivo</ownerDesignName>
</ColumnProxy>
<ColumnProxy name="RUT_RESIDENTE" id="DA7A5312-582A-79E8-C96C-395730D10AE0">
<createdBy>exequ</createdBy>
<createdTime>2025-08-31 12:12:37 UTC</createdTime>
<ownerDesignName>archivo</ownerDesignName>
</ColumnProxy>
</columnProxies>
<indexProxies>
<IndexProxy class="oracle.dbtools.crest.model.design.storage.oracle.v10g.IndexProxyOraclev10g" name="PK_PERMANENTE" id="E79E7C13-0AB0-CD19-CE21-90B32EEC6C9C">
<createdBy>exequ</createdBy>
<createdTime>2025-08-31 12:12:40 UTC</createdTime>
<ownerDesignName>archivo</ownerDesignName>
<schemaObject>FE6AD013-8C98-F24A-314B-ED49CB1F997A</schemaObject>
<segment>F343A85A-9731-4688-A2FF-8D836D80AD13</segment>
<tableSpace>53A656E9-C2B8-F201-C91C-65FA042126ED</tableSpace>
</IndexProxy>
</indexProxies>
<foreignKeys>
<ForeignKey class="oracle.dbtools.crest.model.design.storage.oracle.v10g.FKProxyOraclev10g" name="FK_PERMANENTE_RESIDENTE" id="FFA312C4-8D6E-B410-7B22-5923EE555091">
<createdBy>exequ</createdBy>
<createdTime>2025-08-31 12:12:41 UTC</createdTime>
<ownerDesignName>archivo</ownerDesignName>
</ForeignKey>
</foreignKeys>
<primaryKeys>
<PrimaryKey class="oracle.dbtools.crest.model.design.storage.oracle.v10g.PKProxyOraclev10g" name="PK_PERMANENTE" id="BBA61B14-0554-7705-3287-80CC0D58CACC">
<createdBy>exequ</createdBy>
<createdTime>2025-08-31 12:12:41 UTC</createdTime>
<ownerDesignName>archivo</ownerDesignName>
<segment>F343A85A-9731-4688-A2FF-8D836D80AD13</segment>
<tableSpace>53A656E9-C2B8-F201-C91C-65FA042126ED</tableSpace>
<existingIndex>E79E7C13-0AB0-CD19-CE21-90B32EEC6C9C</existingIndex>
<indexSegment>F343A85A-9731-4688-A2FF-8D836D80AD13</indexSegment>
<indexSort>SORTED</indexSort>
<usingIndex>BY INDEX NAME</usingIndex>
</PrimaryKey>
</primaryKeys>
</TableProxyOraclev20c>