<?xml version = '1.0' encoding = 'UTF-8'?>
<TableProxyOraclev20c class="oracle.dbtools.crest.model.design.storage.oracle.v20c.TableProxyOraclev20c" name="APODERADO" directorySegmentName="seg_0" id="D4541423-54AE-93DF-A4BF-76C1DCE26D75">
<createdBy>exequ</createdBy>
<createdTime>2025-08-31 12:12:37 UTC</createdTime>
<ownerDesignName>archivo</ownerDesignName>
<logging>YES</logging>
<partitionedRowMovement>DISABLE</partitionedRowMovement>
<segment>087DABF3-745D-8F98-F401-1B8E897B26AF</segment>
<tableSpace>53A656E9-C2B8-F201-C91C-65FA042126ED</tableSpace>
<temporaryChanged>false</temporaryChanged>
<accessDriverType>oracle_loader</accessDriverType>
<rejectLimit></rejectLimit>
<inMemory>NO</inMemory>
<columnProxies itemClass="oracle.dbtools.crest.model.design.storage.oracle.v12c.ColumnProxyOraclev12c">
<ColumnProxy name="CONTACTO" id="04491AEC-0D37-3B87-C250-2C1808B15006">
<createdBy>exequ</createdBy>
<createdTime>2025-08-31 12:12:37 UTC</createdTime>
<ownerDesignName>archivo</ownerDesignName>
</ColumnProxy>
<ColumnProxy name="RUT_APODERADO" id="0F08ECA1-DB0D-AA27-1842-F096C4784AAD">
<createdBy>exequ</createdBy>
<createdTime>2025-08-31 12:12:37 UTC</createdTime>
<ownerDesignName>archivo</ownerDesignName>
</ColumnProxy>
<ColumnProxy name="NOMBRE" id="EAADE672-BE79-9C44-727C-21F5FDD01503">
<createdBy>exequ</createdBy>
<createdTime>2025-08-31 12:12:37 UTC</createdTime>
<ownerDesignName>archivo</ownerDesignName>
</ColumnProxy>
</columnProxies>
<indexProxies>
<IndexProxy class="oracle.dbtools.crest.model.design.storage.oracle.v10g.IndexProxyOraclev10g" name="PK_APODERADO" id="549E212C-F222-1FD5-42AF-CFAAEAAFD8CF">
<createdBy>exequ</createdBy>
<createdTime>2025-08-31 12:12:40 UTC</createdTime>
<ownerDesignName>archivo</ownerDesignName>
<schemaObject>FE6AD013-8C98-F24A-314B-ED49CB1F997A</schemaObject>
<segment>F343A85A-9731-4688-A2FF-8D836D80AD13</segment>
<tableSpace>53A656E9-C2B8-F201-C91C-65FA042126ED</tableSpace>
</IndexProxy>
</indexProxies>
<primaryKeys>
<PrimaryKey class="oracle.dbtools.crest.model.design.storage.oracle.v10g.PKProxyOraclev10g" name="PK_APODERADO" id="E4878586-08AC-0DDA-D40A-8EF83E242174">
<createdBy>exequ</createdBy>
<createdTime>2025-08-31 12:12:41 UTC</createdTime>
<ownerDesignName>archivo</ownerDesignName>
<segment>F343A85A-9731-4688-A2FF-8D836D80AD13</segment>
<tableSpace>53A656E9-C2B8-F201-C91C-65FA042126ED</tableSpace>
<existingIndex>549E212C-F222-1FD5-42AF-CFAAEAAFD8CF</existingIndex>
<indexSegment>F343A85A-9731-4688-A2FF-8D836D80AD13</indexSegment>
<indexSort>SORTED</indexSort>
<usingIndex>BY INDEX NAME</usingIndex>
</PrimaryKey>
</primaryKeys>
</TableProxyOraclev20c>