<?xml version = '1.0' encoding = 'UTF-8'?>
<Diagram class="oracle.dbtools.crest.swingui.relational.DPVRelational" name="Relational_1" id="2C555563-3000-7744-FC80-349140573A9C">
<createdBy>exequ</createdBy>
<modifiedBy>exequ</modifiedBy>
<createdTime>2025-08-31 12:12:36 UTC</createdTime>
<autoRoute>false</autoRoute>
<boxInbox>true</boxInbox>
<showLegend>false</showLegend>
<showLabels>false</showLabels>
<showRelAttributes>false</showRelAttributes>
<gridEnabled>false</gridEnabled>
<showGrid>false</showGrid>
<diagramColor>-1</diagramColor>
<display>false</display>
<notation>1</notation>
<objectViews>
<OView class="oracle.dbtools.crest.swingui.relational.TVTable" oid="2658C297-FD74-8FAC-F0B2-F8B4D3D472B0" otype="Table" vid="FEEB7384-9DF6-F1EF-4054-074C93A138E2">
<hideElementsInCurrentOnly>false</hideElementsInCurrentOnly>
<bounds x="774" y="519" width="250" height="136"/>
</OView>
<OView class="oracle.dbtools.crest.swingui.relational.TVTable" oid="2CF94447-5DE1-3BC7-9781-7DD7CB8EA2CF" otype="Table" vid="02AF2C5C-C531-EEC3-F493-A16E5385735B">
<hideElementsInCurrentOnly>false</hideElementsInCurrentOnly>
<bounds x="1121" y="795" width="261" height="100"/>
</OView>
<OView class="oracle.dbtools.crest.swingui.relational.TVTable" oid="42143EB2-3F51-DC37-96FE-930F652B8A3A" otype="Table" vid="B6069EB5-E048-A5C5-ADC4-84544A229B8A">
<hideElementsInCurrentOnly>false</hideElementsInCurrentOnly>
<bounds x="832" y="50" width="285" height="156"/>
</OView>
<OView class="oracle.dbtools.crest.swingui.relational.TVTable" oid="53D6D7BA-91D2-3306-C875-A16F54E3A9F9" otype="Table" vid="A1DD143C-74EE-1A62-88E7-07742844CF73">
<hideElementsInCurrentOnly>false</hideElementsInCurrentOnly>
<bounds x="361" y="708" width="271" height="142"/>
</OView>
<OView class="oracle.dbtools.crest.swingui.relational.TVTable" oid="6D2D4526-5835-621E-FC83-0EAE9CFD9E44" otype="Table" vid="BC3ED48F-D43A-C2D4-B113-4AE7F61A3F7D">
<hideElementsInCurrentOnly>false</hideElementsInCurrentOnly>
<bounds x="747" y="784" width="265" height="142"/>
</OView>
<OView class="oracle.dbtools.crest.swingui.relational.TVTable" oid="725EEFFE-8EA4-5C38-6EC9-893D83EABE34" otype="Table" vid="408E6C0D-0D9C-1DED-E6AF-E2C820EBF19C">
<hideElementsInCurrentOnly>false</hideElementsInCurrentOnly>
<bounds x="414" y="47" width="311" height="184"/>
</OView>
<OView class="oracle.dbtools.crest.swingui.relational.TVTable" oid="82BE46E4-90E6-5DB0-BD79-1D130665C625" otype="Table" vid="607CCB23-A783-4D13-CEED-EA2816CCCB83">
<hideElementsInCurrentOnly>false</hideElementsInCurrentOnly>
<bounds x="409" y="293" width="287" height="170"/>
</OView>
<OView class="oracle.dbtools.crest.swingui.relational.TVTable" oid="854EA84F-C7AF-70E3-3DC4-2CCC5018D561" otype="Table" vid="AB5104F9-0F67-050B-15E4-53F4434C047F">
<hideElementsInCurrentOnly>false</hideElementsInCurrentOnly>
<bounds x="381" y="543" width="307" height="114"/>
</OView>
<OView class="oracle.dbtools.crest.swingui.relational.TVTable" oid="89E5E282-C1E8-457F-68ED-5E13734A987C" otype="Table" vid="98A30FFA-5919-1221-9257-94749AC8A9E6">
<hideElementsInCurrentOnly>false</hideElementsInCurrentOnly>
<bounds x="769" y="273" width="272" height="142"/>
</OView>
<OView class="oracle.dbtools.crest.swingui.relational.TVTable" oid="D25B8586-2E57-DBBD-EE41-97BC91511530" otype="Table" vid="1C85F494-F830-05F0-BB82-0912AE9D3C08">
<hideElementsInCurrentOnly>false</hideElementsInCurrentOnly>
<bounds x="40" y="284" width="286" height="114"/>
</OView>
<OView class="oracle.dbtools.crest.swingui.relational.TVTable" oid="D4541423-54AE-93DF-A4BF-76C1DCE26D75" otype="Table" vid="977166A2-B906-E4EE-D7A9-CD95B82AF0F5">
<hideElementsInCurrentOnly>false</hideElementsInCurrentOnly>
<bounds x="1211" y="65" width="264" height="108"/>
</OView>
</objectViews>
<connectors>
<Connector class="oracle.dbtools.crest.swingui.relational.TVFKRelation" oid="0BB8CB64-0412-E748-618B-0A360D7F067E" otype="FKIndexAssociation" vid_source="98A30FFA-5919-1221-9257-94749AC8A9E6" vid_target="607CCB23-A783-4D13-CEED-EA2816CCCB83">
<hideElementsInCurrentOnly>false</hideElementsInCurrentOnly>
<backgroundColor>-16777216</backgroundColor>
<lineWidth>1</lineWidth>
<points>
<point x="769" y="354"/>
<point x="696" y="354"/>
</points>
</Connector>
<Connector class="oracle.dbtools.crest.swingui.relational.TVFKRelation" oid="10BD4CAA-98E2-4CF5-CD68-9744C0443617" otype="FKIndexAssociation" vid_source="607CCB23-A783-4D13-CEED-EA2816CCCB83" vid_target="1C85F494-F830-05F0-BB82-0912AE9D3C08">
<hideElementsInCurrentOnly>false</hideElementsInCurrentOnly>
<backgroundColor>-16777216</backgroundColor>
<lineWidth>1</lineWidth>
<points>
<point x="409" y="345"/>
<point x="326" y="345"/>
</points>
</Connector>
<Connector class="oracle.dbtools.crest.swingui.relational.TVFKRelation" oid="464461A0-0F6E-9F5A-6D38-400807B977EA" otype="FKIndexAssociation" vid_source="607CCB23-A783-4D13-CEED-EA2816CCCB83" vid_target="AB5104F9-0F67-050B-15E4-53F4434C047F">
<hideElementsInCurrentOnly>false</hideElementsInCurrentOnly>
<backgroundColor>-16777216</backgroundColor>
<lineWidth>1</lineWidth>
<points>
<point x="548" y="463"/>
<point x="548" y="543"/>
</points>
</Connector>
<Connector class="oracle.dbtools.crest.swingui.relational.TVFKRelation" oid="5D85B6CE-A343-1CF9-E537-43F3F972A9F9" otype="FKIndexAssociation" vid_source="FEEB7384-9DF6-F1EF-4054-074C93A138E2" vid_target="98A30FFA-5919-1221-9257-94749AC8A9E6">
<hideElementsInCurrentOnly>false</hideElementsInCurrentOnly>
<backgroundColor>-16777216</backgroundColor>
<lineWidth>1</lineWidth>
<points>
<point x="899" y="519"/>
<point x="899" y="415"/>
</points>
</Connector>
<Connector class="oracle.dbtools.crest.swingui.relational.TVFKRelation" oid="5F3EDFF1-EDF8-CF4D-45F7-9EEC4A398D3F" otype="FKIndexAssociation" vid_source="FEEB7384-9DF6-F1EF-4054-074C93A138E2" vid_target="BC3ED48F-D43A-C2D4-B113-4AE7F61A3F7D">
<hideElementsInCurrentOnly>false</hideElementsInCurrentOnly>
<backgroundColor>-16777216</backgroundColor>
<lineWidth>1</lineWidth>
<points>
<point x="893" y="655"/>
<point x="893" y="784"/>
</points>
</Connector>
<Connector class="oracle.dbtools.crest.swingui.relational.TVFKRelation" oid="901057AA-BCEE-10D5-1390-7155FD35F25D" otype="FKIndexAssociation" vid_source="607CCB23-A783-4D13-CEED-EA2816CCCB83" vid_target="408E6C0D-0D9C-1DED-E6AF-E2C820EBF19C">
<hideElementsInCurrentOnly>false</hideElementsInCurrentOnly>
<backgroundColor>-16777216</backgroundColor>
<lineWidth>1</lineWidth>
<points>
<point x="555" y="293"/>
<point x="555" y="231"/>
</points>
</Connector>
<Connector class="oracle.dbtools.crest.swingui.relational.TVFKRelation" oid="97B37937-7521-F420-CF25-6E10CCB281CE" otype="FKIndexAssociation" vid_source="B6069EB5-E048-A5C5-ADC4-84544A229B8A" vid_target="408E6C0D-0D9C-1DED-E6AF-E2C820EBF19C">
<hideElementsInCurrentOnly>false</hideElementsInCurrentOnly>
<backgroundColor>-16777216</backgroundColor>
<lineWidth>1</lineWidth>
<points>
<point x="832" y="128"/>
<point x="725" y="128"/>
</points>
</Connector>
<Connector class="oracle.dbtools.crest.swingui.relational.TVFKRelation" oid="BE6AFCE3-451A-D601-AE6A-E219CC82A9EA" otype="FKIndexAssociation" vid_source="A1DD143C-74EE-1A62-88E7-07742844CF73" vid_target="A1DD143C-74EE-1A62-88E7-07742844CF73">
<hideElementsInCurrentOnly>false</hideElementsInCurrentOnly>
<backgroundColor>-16777216</backgroundColor>
<lineWidth>1</lineWidth>
<points>
<point x="632" y="791"/>
<point x="657" y="791"/>
<point x="657" y="875"/>
<point x="520" y="875"/>
<point x="520" y="850"/>
</points>
</Connector>
<Connector class="oracle.dbtools.crest.swingui.relational.TVFKRelation" oid="C14B3168-F143-4EA1-E87F-64EADC72F5C8" otype="FKIndexAssociation" vid_source="BC3ED48F-D43A-C2D4-B113-4AE7F61A3F7D" vid_target="A1DD143C-74EE-1A62-88E7-07742844CF73">
<hideElementsInCurrentOnly>false</hideElementsInCurrentOnly>
<backgroundColor>-16777216</backgroundColor>
<lineWidth>1</lineWidth>
<points>
<point x="747" y="817"/>
<point x="632" y="817"/>
</points>
</Connector>
<Connector class="oracle.dbtools.crest.swingui.relational.TVFKRelation" oid="D2788BF7-9AC7-3C49-FFAF-59AE8E6A43EC" otype="FKIndexAssociation" vid_source="977166A2-B906-E4EE-D7A9-CD95B82AF0F5" vid_target="B6069EB5-E048-A5C5-ADC4-84544A229B8A">
<hideElementsInCurrentOnly>false</hideElementsInCurrentOnly>
<backgroundColor>-16777216</backgroundColor>
<lineWidth>1</lineWidth>
<points>
<point x="1211" y="119"/>
<point x="1117" y="119"/>
</points>
</Connector>
<Connector class="oracle.dbtools.crest.swingui.relational.TVFKRelation" oid="F7D62E9D-D909-B779-200D-4A05B6662E39" otype="FKIndexAssociation" vid_source="BC3ED48F-D43A-C2D4-B113-4AE7F61A3F7D" vid_target="02AF2C5C-C531-EEC3-F493-A16E5385735B">
<hideElementsInCurrentOnly>false</hideElementsInCurrentOnly>
<backgroundColor>-16777216</backgroundColor>
<lineWidth>1</lineWidth>
<points>
<point x="1012" y="845"/>
<point x="1121" y="845"/>
</points>
</Connector>
</connectors>
</Diagram>