<?xml version = '1.0' encoding = 'UTF-8'?>
<relationalModel class="oracle.dbtools.crest.model.design.relational.RelationalDesign" name="Relational_1" id="1C0309CF-8E8A-A439-4F18-8DD93CBBCAF2" mainViewID="2C555563-3000-7744-FC80-349140573A9C">
<createdBy>exequ</createdBy>
<createdTime>2025-08-31 11:59:12 UTC</createdTime>
<ownerDesignName>archivo</ownerDesignName>
<shouldBeOpen>false</shouldBeOpen>
<selectedRDBMSSite>01F6E6D1-21D0-CFBD-ABDD-3988D1813575</selectedRDBMSSite>
<importConnectionStamps>
<importConnectionStamp class="oracle.dbtools.crest.imports.DBConnectionStamp">
<connName>XE-exequiel</connName>
<connUser>C##EXEQUIEL</connUser>
<connType>1</connType>
</importConnectionStamp>
</importConnectionStamps>
</relationalModel>