<?xml version = '1.0' encoding = 'UTF-8'?>
<Table class="oracle.dbtools.crest.model.design.relational.Table" directorySegmentName="seg_0" id="2CF94447-5DE1-3BC7-9781-7DD7CB8EA2CF" name="CUIDADOR">
<sourceConnName>XE-exequiel</sourceConnName>
<sourceObjSchema>C##EXEQUIEL</sourceObjSchema>
<sourceObjName>CUIDADOR</sourceObjName>
<createdBy>exequ</createdBy>
<createdTime>2025-08-31 12:12:37 UTC</createdTime>
<ownerDesignName>archivo</ownerDesignName>
<allowColumnReorder>false</allowColumnReorder>
<existDependencyGenerateInDDl>true</existDependencyGenerateInDDl>
<parsed>true</parsed>
<columns itemClass="oracle.dbtools.crest.model.design.relational.Column">
<Column name="RUT_PERSONAL" id="9C9B4A7E-F09B-2EC5-4962-415895E5B581">
<sourceConnName>XE-exequiel</sourceConnName>
<sourceObjSchema>CUIDADOR</sourceObjSchema>
<sourceObjName>RUT_PERSONAL</sourceObjName>
<createdBy>exequ</createdBy>
<createdTime>2025-08-31 12:12:37 UTC</createdTime>
<ownerDesignName>archivo</ownerDesignName>
<useDomainConstraints>false</useDomainConstraints>
<use>1</use>
<logicalDatatype>LOGDT024</logicalDatatype>
<dataTypeSize>12 BYTE</dataTypeSize>
<ownDataTypeParameters>,,</ownDataTypeParameters>
<autoIncrementCycle>false</autoIncrementCycle>
<associations>
<colAssociation fkAssociation="F7D62E9D-D909-B779-200D-4A05B6662E39" referredColumn="54384880-AD9B-0891-2F36-8B8C0BB46F8D"/>
</associations>
</Column>
</columns>
<indexes itemClass="oracle.dbtools.crest.model.design.relational.Index">
<ind_PK_UK id="7B667339-B92D-D12B-5762-BACDC3472A56" name="PK_CUIDADOR">
<sourceConnName>XE-exequiel</sourceConnName>
<sourceObjSchema>C##EXEQUIEL</sourceObjSchema>
<sourceObjName>PK_CUIDADOR</sourceObjName>
<createdBy>exequ</createdBy>
<createdTime>2025-08-31 12:12:41 UTC</createdTime>
<ownerDesignName>archivo</ownerDesignName>
<pk>true</pk>
<indexState>Primary Constraint</indexState>
<isSurrogateKey>false</isSurrogateKey>
<indexColumnUsage>
<colUsage columnID="9C9B4A7E-F09B-2EC5-4962-415895E5B581"/>
</indexColumnUsage>
</ind_PK_UK>
<ind_PK_UK id="78C649D3-A436-BD31-ED69-C73DC291670E" schemaObject="FE6AD013-8C98-F24A-314B-ED49CB1F997A" name="PK_CUIDADOR">
<sourceConnName>XE-exequiel</sourceConnName>
<sourceObjSchema>C##EXEQUIEL</sourceObjSchema>
<sourceObjName>PK_CUIDADOR</sourceObjName>
<createdBy>exequ</createdBy>
<createdTime>2025-08-31 12:12:40 UTC</createdTime>
<ownerDesignName>archivo</ownerDesignName>
<indexState>Unique Plain Index</indexState>
<isSurrogateKey>false</isSurrogateKey>
<indexColumnUsage>
<colUsage columnID="9C9B4A7E-F09B-2EC5-4962-415895E5B581"/>
</indexColumnUsage>
</ind_PK_UK>
<ind_PK_UK id="A2B217EF-AC06-61A7-81A7-5B0052B1A77E" name="FK_CUIDADOR_PERSONAL">
<createdBy>exequ</createdBy>
<createdTime>2025-08-31 12:12:41 UTC</createdTime>
<ownerDesignName>archivo</ownerDesignName>
<indexState>Foreign Key</indexState>
<isSurrogateKey>false</isSurrogateKey>
<indexColumnUsage>
<colUsage columnID="9C9B4A7E-F09B-2EC5-4962-415895E5B581"/>
</indexColumnUsage>
</ind_PK_UK>
</indexes>
</Table>