<?xml version = '1.0' encoding = 'UTF-8'?>
<Table class="oracle.dbtools.crest.model.design.relational.Table" directorySegmentName="seg_0" id="42143EB2-3F51-DC37-96FE-930F652B8A3A" name="CONTRATO">
<sourceConnName>XE-exequiel</sourceConnName>
<sourceObjSchema>C##EXEQUIEL</sourceObjSchema>
<sourceObjName>CONTRATO</sourceObjName>
<createdBy>exequ</createdBy>
<createdTime>2025-08-31 12:12:37 UTC</createdTime>
<ownerDesignName>archivo</ownerDesignName>
<allowColumnReorder>false</allowColumnReorder>
<existDependencyGenerateInDDl>true</existDependencyGenerateInDDl>
<parsed>true</parsed>
<columns itemClass="oracle.dbtools.crest.model.design.relational.Column">
<Column name="ID_CONTRATO" id="B213D20A-75A5-BAE2-9B2E-2B916A2231A3">
<sourceConnName>XE-exequiel</sourceConnName>
<sourceObjSchema>CONTRATO</sourceObjSchema>
<sourceObjName>ID_CONTRATO</sourceObjName>
<createdBy>exequ</createdBy>
<createdTime>2025-08-31 12:12:37 UTC</createdTime>
<ownerDesignName>archivo</ownerDesignName>
<useDomainConstraints>false</useDomainConstraints>
<use>1</use>
<logicalDatatype>LOGDT019</logicalDatatype>
<dataTypePrecision>*</dataTypePrecision>
<dataTypeScale>0</dataTypeScale>
<ownDataTypeParameters>,*,0</ownDataTypeParameters>
<autoIncrementCycle>false</autoIncrementCycle>
</Column>
<Column name="FECHA_INICIO" id="47BB6B9F-D2DF-0B10-B346-F233BF1E4F18">
<sourceConnName>XE-exequiel</sourceConnName>
<sourceObjSchema>CONTRATO</sourceObjSchema>
<sourceObjName>FECHA_INICIO</sourceObjName>
<createdBy>exequ</createdBy>
<createdTime>2025-08-31 12:12:37 UTC</createdTime>
<ownerDesignName>archivo</ownerDesignName>
<useDomainConstraints>false</useDomainConstraints>
<use>1</use>
<logicalDatatype>LOGDT007</logicalDatatype>
<dataTypeSize>7</dataTypeSize>
<ownDataTypeParameters>7,,</ownDataTypeParameters>
<autoIncrementCycle>false</autoIncrementCycle>
</Column>
<Column name="FECHA_TERMINO" id="CCF79C6C-B133-C95A-2413-DA8640FE0DFA">
<sourceConnName>XE-exequiel</sourceConnName>
<sourceObjSchema>CONTRATO</sourceObjSchema>
<sourceObjName>FECHA_TERMINO</sourceObjName>
<createdBy>exequ</createdBy>
<createdTime>2025-08-31 12:12:37 UTC</createdTime>
<ownerDesignName>archivo</ownerDesignName>
<nullsAllowed>true</nullsAllowed>
<useDomainConstraints>false</useDomainConstraints>
<use>1</use>
<logicalDatatype>LOGDT007</logicalDatatype>
<dataTypeSize>7</dataTypeSize>
<ownDataTypeParameters>7,,</ownDataTypeParameters>
<autoIncrementCycle>false</autoIncrementCycle>
</Column>
<Column name="TIPO_FINANCIAMIENTO" id="7AD214D6-B131-1EE4-57F9-66AD66A50D4F">
<sourceConnName>XE-exequiel</sourceConnName>
<sourceObjSchema>CONTRATO</sourceObjSchema>
<sourceObjName>TIPO_FINANCIAMIENTO</sourceObjName>
<createdBy>exequ</createdBy>
<createdTime>2025-08-31 12:12:37 UTC</createdTime>
<ownerDesignName>archivo</ownerDesignName>
<useDomainConstraints>false</useDomainConstraints>
<use>1</use>
<logicalDatatype>LOGDT024</logicalDatatype>
<dataTypeSize>50 BYTE</dataTypeSize>
<ownDataTypeParameters>50 BYTE,,</ownDataTypeParameters>
<autoIncrementCycle>false</autoIncrementCycle>
</Column>
<Column name="RUT_APODERADO" id="1C455FF8-B43E-006B-0DC5-69810E5B5B5B">
<sourceConnName>XE-exequiel</sourceConnName>
<sourceObjSchema>CONTRATO</sourceObjSchema>
<sourceObjName>RUT_APODERADO</sourceObjName>
<createdBy>exequ</createdBy>
<createdTime>2025-08-31 12:12:37 UTC</createdTime>
<ownerDesignName>archivo</ownerDesignName>
<useDomainConstraints>false</useDomainConstraints>
<use>1</use>
<logicalDatatype>LOGDT024</logicalDatatype>
<dataTypeSize>12 BYTE</dataTypeSize>
<ownDataTypeParameters>,,</ownDataTypeParameters>
<autoIncrementCycle>false</autoIncrementCycle>
<associations>
<colAssociation fkAssociation="D2788BF7-9AC7-3C49-FFAF-59AE8E6A43EC" referredColumn="0F08ECA1-DB0D-AA27-1842-F096C4784AAD"/>
</associations>
</Column>
</columns>
<indexes itemClass="oracle.dbtools.crest.model.design.relational.Index">
<ind_PK_UK id="D2560BCB-D7FF-1998-8C0F-384437C95800" name="PK_CONTRATO">
<sourceConnName>XE-exequiel</sourceConnName>
<sourceObjSchema>C##EXEQUIEL</sourceObjSchema>
<sourceObjName>PK_CONTRATO</sourceObjName>
<createdBy>exequ</createdBy>
<createdTime>2025-08-31 12:12:41 UTC</createdTime>
<ownerDesignName>archivo</ownerDesignName>
<pk>true</pk>
<indexState>Primary Constraint</indexState>
<isSurrogateKey>false</isSurrogateKey>
<indexColumnUsage>
<colUsage columnID="B213D20A-75A5-BAE2-9B2E-2B916A2231A3"/>
</indexColumnUsage>
</ind_PK_UK>
<ind_PK_UK id="56097B91-69C7-CA90-AFF8-E28EC69063A3" schemaObject="FE6AD013-8C98-F24A-314B-ED49CB1F997A" name="PK_CONTRATO">
<sourceConnName>XE-exequiel</sourceConnName>
<sourceObjSchema>C##EXEQUIEL</sourceObjSchema>
<sourceObjName>PK_CONTRATO</sourceObjName>
<createdBy>exequ</createdBy>
<createdTime>2025-08-31 12:12:40 UTC</createdTime>
<ownerDesignName>archivo</ownerDesignName>
<indexState>Unique Plain Index</indexState>
<isSurrogateKey>false</isSurrogateKey>
<indexColumnUsage>
<colUsage columnID="B213D20A-75A5-BAE2-9B2E-2B916A2231A3"/>
</indexColumnUsage>
</ind_PK_UK>
<ind_PK_UK id="8A7E56D4-568B-DF88-2EA6-E71796FB2B73" name="FK_CONTRATO_APODERADO">
<createdBy>exequ</createdBy>
<createdTime>2025-08-31 12:12:41 UTC</createdTime>
<ownerDesignName>archivo</ownerDesignName>
<indexState>Foreign Key</indexState>
<isSurrogateKey>false</isSurrogateKey>
<indexColumnUsage>
<colUsage columnID="1C455FF8-B43E-006B-0DC5-69810E5B5B5B"/>
</indexColumnUsage>
</ind_PK_UK>
</indexes>
</Table>