<?xml version = '1.0' encoding = 'UTF-8'?>
<Table class="oracle.dbtools.crest.model.design.relational.Table" directorySegmentName="seg_0" id="53D6D7BA-91D2-3306-C875-A16F54E3A9F9" name="MEDICO">
<sourceConnName>XE-exequiel</sourceConnName>
<sourceObjSchema>C##EXEQUIEL</sourceObjSchema>
<sourceObjName>MEDICO</sourceObjName>
<createdBy>exequ</createdBy>
<createdTime>2025-08-31 12:12:37 UTC</createdTime>
<ownerDesignName>archivo</ownerDesignName>
<allowColumnReorder>false</allowColumnReorder>
<existDependencyGenerateInDDl>true</existDependencyGenerateInDDl>
<parsed>true</parsed>
<columns itemClass="oracle.dbtools.crest.model.design.relational.Column">
<Column name="RUT_PERSONAL" id="598BA2B1-3DD1-2C2C-2DFC-70C06329EED0">
<sourceConnName>XE-exequiel</sourceConnName>
<sourceObjSchema>MEDICO</sourceObjSchema>
<sourceObjName>RUT_PERSONAL</sourceObjName>
<createdBy>exequ</createdBy>
<createdTime>2025-08-31 12:12:37 UTC</createdTime>
<ownerDesignName>archivo</ownerDesignName>
<useDomainConstraints>false</useDomainConstraints>
<use>1</use>
<logicalDatatype>LOGDT024</logicalDatatype>
<dataTypeSize>12 BYTE</dataTypeSize>
<ownDataTypeParameters>,,</ownDataTypeParameters>
<autoIncrementCycle>false</autoIncrementCycle>
<associations>
<colAssociation fkAssociation="C14B3168-F143-4EA1-E87F-64EADC72F5C8" referredColumn="54384880-AD9B-0891-2F36-8B8C0BB46F8D"/>
</associations>
</Column>
<Column name="ESPECIALIDAD" id="C3AA57FD-9415-C86A-500C-F89F24CF1029">
<sourceConnName>XE-exequiel</sourceConnName>
<sourceObjSchema>MEDICO</sourceObjSchema>
<sourceObjName>ESPECIALIDAD</sourceObjName>
<createdBy>exequ</createdBy>
<createdTime>2025-08-31 12:12:37 UTC</createdTime>
<ownerDesignName>archivo</ownerDesignName>
<useDomainConstraints>false</useDomainConstraints>
<use>1</use>
<logicalDatatype>LOGDT024</logicalDatatype>
<dataTypeSize>100 BYTE</dataTypeSize>
<ownDataTypeParameters>100 BYTE,,</ownDataTypeParameters>
<autoIncrementCycle>false</autoIncrementCycle>
</Column>
<Column name="RUT_SUPERVISOR" id="FF39096B-DA38-52A6-2D37-FB88270F483A">
<sourceConnName>XE-exequiel</sourceConnName>
<sourceObjSchema>MEDICO</sourceObjSchema>
<sourceObjName>RUT_SUPERVISOR</sourceObjName>
<createdBy>exequ</createdBy>
<createdTime>2025-08-31 12:12:37 UTC</createdTime>
<ownerDesignName>archivo</ownerDesignName>
<nullsAllowed>true</nullsAllowed>
<useDomainConstraints>false</useDomainConstraints>
<use>1</use>
<logicalDatatype>LOGDT024</logicalDatatype>
<dataTypeSize>12 BYTE</dataTypeSize>
<ownDataTypeParameters>,,</ownDataTypeParameters>
<autoIncrementCycle>false</autoIncrementCycle>
<associations>
<colAssociation fkAssociation="BE6AFCE3-451A-D601-AE6A-E219CC82A9EA" referredColumn="598BA2B1-3DD1-2C2C-2DFC-70C06329EED0"/>
</associations>
</Column>
</columns>
<indexes itemClass="oracle.dbtools.crest.model.design.relational.Index">
<ind_PK_UK id="AE39E941-121C-D4E7-EC66-62657AACBF91" name="PK_MEDICO">
<sourceConnName>XE-exequiel</sourceConnName>
<sourceObjSchema>C##EXEQUIEL</sourceObjSchema>
<sourceObjName>PK_MEDICO</sourceObjName>
<createdBy>exequ</createdBy>
<createdTime>2025-08-31 12:12:41 UTC</createdTime>
<ownerDesignName>archivo</ownerDesignName>
<pk>true</pk>
<indexState>Primary Constraint</indexState>
<isSurrogateKey>false</isSurrogateKey>
<indexColumnUsage>
<colUsage columnID="598BA2B1-3DD1-2C2C-2DFC-70C06329EED0"/>
</indexColumnUsage>
</ind_PK_UK>
<ind_PK_UK id="09579B0F-9D16-DA54-FC71-E412CD50EA39" schemaObject="FE6AD013-8C98-F24A-314B-ED49CB1F997A" name="PK_MEDICO">
<sourceConnName>XE-exequiel</sourceConnName>
<sourceObjSchema>C##EXEQUIEL</sourceObjSchema>
<sourceObjName>PK_MEDICO</sourceObjName>
<createdBy>exequ</createdBy>
<createdTime>2025-08-31 12:12:40 UTC</createdTime>
<ownerDesignName>archivo</ownerDesignName>
<indexState>Unique Plain Index</indexState>
<isSurrogateKey>false</isSurrogateKey>
<indexColumnUsage>
<colUsage columnID="598BA2B1-3DD1-2C2C-2DFC-70C06329EED0"/>
</indexColumnUsage>
</ind_PK_UK>
<ind_PK_UK id="77A17338-ED63-0C17-187D-F47ECBB8E8A6" name="FK_MEDICO_PERSONAL">
<createdBy>exequ</createdBy>
<createdTime>2025-08-31 12:12:41 UTC</createdTime>
<ownerDesignName>archivo</ownerDesignName>
<indexState>Foreign Key</indexState>
<isSurrogateKey>false</isSurrogateKey>
<indexColumnUsage>
<colUsage columnID="598BA2B1-3DD1-2C2C-2DFC-70C06329EED0"/>
</indexColumnUsage>
</ind_PK_UK>
<ind_PK_UK id="D87C91A5-5F77-4176-4824-54A4EBD9391F" name="FK_MEDICO_SUPERVISOR">
<createdBy>exequ</createdBy>
<createdTime>2025-08-31 12:12:41 UTC</createdTime>
<ownerDesignName>archivo</ownerDesignName>
<indexState>Foreign Key</indexState>
<isSurrogateKey>false</isSurrogateKey>
<indexColumnUsage>
<colUsage columnID="FF39096B-DA38-52A6-2D37-FB88270F483A"/>
</indexColumnUsage>
</ind_PK_UK>
</indexes>
</Table>