<?xml version = '1.0' encoding = 'UTF-8'?>
<Table class="oracle.dbtools.crest.model.design.relational.Table" directorySegmentName="seg_0" id="6D2D4526-5835-621E-FC83-0EAE9CFD9E44" name="PERSONAL">
<sourceConnName>XE-exequiel</sourceConnName>
<sourceObjSchema>C##EXEQUIEL</sourceObjSchema>
<sourceObjName>PERSONAL</sourceObjName>
<createdBy>exequ</createdBy>
<createdTime>2025-08-31 12:12:37 UTC</createdTime>
<ownerDesignName>archivo</ownerDesignName>
<allowColumnReorder>false</allowColumnReorder>
<existDependencyGenerateInDDl>true</existDependencyGenerateInDDl>
<parsed>true</parsed>
<columns itemClass="oracle.dbtools.crest.model.design.relational.Column">
<Column name="RUT_PERSONAL" id="54384880-AD9B-0891-2F36-8B8C0BB46F8D">
<sourceConnName>XE-exequiel</sourceConnName>
<sourceObjSchema>PERSONAL</sourceObjSchema>
<sourceObjName>RUT_PERSONAL</sourceObjName>
<createdBy>exequ</createdBy>
<createdTime>2025-08-31 12:12:37 UTC</createdTime>
<ownerDesignName>archivo</ownerDesignName>
<constraintName>CHK_PERSONAL_RUT</constraintName>
<useDomainConstraints>false</useDomainConstraints>
<use>1</use>
<logicalDatatype>LOGDT024</logicalDatatype>
<dataTypeSize>12 BYTE</dataTypeSize>
<checkConstraint>
<implementationDef dbType="Generic Constraint" definition="REGEXP_LIKE(RUT_Personal, &apos;^[0-9]{7,8}-[0-9K]$&apos;)"/>
<implementationDef dbType="Oracle Database 21c" definition="REGEXP_LIKE(RUT_Personal, &apos;^[0-9]{7,8}-[0-9K]$&apos;)"/>
</checkConstraint>
<ownDataTypeParameters>12 BYTE,,</ownDataTypeParameters>
<autoIncrementCycle>false</autoIncrementCycle>
</Column>
<Column name="NOMBRE" id="1D4CDC48-33A2-5376-611C-297AB82E7B96">
<sourceConnName>XE-exequiel</sourceConnName>
<sourceObjSchema>PERSONAL</sourceObjSchema>
<sourceObjName>NOMBRE</sourceObjName>
<createdBy>exequ</createdBy>
<createdTime>2025-08-31 12:12:37 UTC</createdTime>
<ownerDesignName>archivo</ownerDesignName>
<useDomainConstraints>false</useDomainConstraints>
<use>1</use>
<logicalDatatype>LOGDT024</logicalDatatype>
<dataTypeSize>150 BYTE</dataTypeSize>
<ownDataTypeParameters>150 BYTE,,</ownDataTypeParameters>
<autoIncrementCycle>false</autoIncrementCycle>
</Column>
<Column name="FECHA_INGRESO" id="BD85D860-5B1E-7D83-B930-BE0D6145999B">
<sourceConnName>XE-exequiel</sourceConnName>
<sourceObjSchema>PERSONAL</sourceObjSchema>
<sourceObjName>FECHA_INGRESO</sourceObjName>
<createdBy>exequ</createdBy>
<createdTime>2025-08-31 12:12:37 UTC</createdTime>
<ownerDesignName>archivo</ownerDesignName>
<useDomainConstraints>false</useDomainConstraints>
<use>1</use>
<logicalDatatype>LOGDT007</logicalDatatype>
<dataTypeSize>7</dataTypeSize>
<ownDataTypeParameters>7,,</ownDataTypeParameters>
<autoIncrementCycle>false</autoIncrementCycle>
</Column>
<Column name="ID_RESIDENCIA" id="B9EFCBDC-85A1-E458-AA0B-54C0B97A42FF">
<sourceConnName>XE-exequiel</sourceConnName>
<sourceObjSchema>PERSONAL</sourceObjSchema>
<sourceObjName>ID_RESIDENCIA</sourceObjName>
<createdBy>exequ</createdBy>
<createdTime>2025-08-31 12:12:37 UTC</createdTime>
<ownerDesignName>archivo</ownerDesignName>
<useDomainConstraints>false</useDomainConstraints>
<use>1</use>
<logicalDatatype>LOGDT019</logicalDatatype>
<dataTypePrecision>*</dataTypePrecision>
<dataTypeScale>0</dataTypeScale>
<ownDataTypeParameters>,,</ownDataTypeParameters>
<autoIncrementCycle>false</autoIncrementCycle>
<associations>
<colAssociation fkAssociation="5F3EDFF1-EDF8-CF4D-45F7-9EEC4A398D3F" referredColumn="5F998EFF-518D-A6E9-48B1-144BB179FCAA"/>
</associations>
</Column>
</columns>
<indexes itemClass="oracle.dbtools.crest.model.design.relational.Index">
<ind_PK_UK id="F95A0DA3-4ED3-7DA0-766F-4C01EA466973" name="PK_PERSONAL">
<sourceConnName>XE-exequiel</sourceConnName>
<sourceObjSchema>C##EXEQUIEL</sourceObjSchema>
<sourceObjName>PK_PERSONAL</sourceObjName>
<createdBy>exequ</createdBy>
<createdTime>2025-08-31 12:12:41 UTC</createdTime>
<ownerDesignName>archivo</ownerDesignName>
<pk>true</pk>
<indexState>Primary Constraint</indexState>
<isSurrogateKey>false</isSurrogateKey>
<indexColumnUsage>
<colUsage columnID="54384880-AD9B-0891-2F36-8B8C0BB46F8D"/>
</indexColumnUsage>
</ind_PK_UK>
<ind_PK_UK id="4A2EE5E6-DEC5-6089-98A3-EE077E5B6027" schemaObject="FE6AD013-8C98-F24A-314B-ED49CB1F997A" name="PK_PERSONAL">
<sourceConnName>XE-exequiel</sourceConnName>
<sourceObjSchema>C##EXEQUIEL</sourceObjSchema>
<sourceObjName>PK_PERSONAL</sourceObjName>
<createdBy>exequ</createdBy>
<createdTime>2025-08-31 12:12:40 UTC</createdTime>
<ownerDesignName>archivo</ownerDesignName>
<indexState>Unique Plain Index</indexState>
<isSurrogateKey>false</isSurrogateKey>
<indexColumnUsage>
<colUsage columnID="54384880-AD9B-0891-2F36-8B8C0BB46F8D"/>
</indexColumnUsage>
</ind_PK_UK>
<ind_PK_UK id="377F1F86-D9A3-2307-8D6F-95D95D4F82A8" name="FK_PERSONAL_RESIDENCIA">
<createdBy>exequ</createdBy>
<createdTime>2025-08-31 12:12:41 UTC</createdTime>
<ownerDesignName>archivo</ownerDesignName>
<indexState>Foreign Key</indexState>
<isSurrogateKey>false</isSurrogateKey>
<indexColumnUsage>
<colUsage columnID="B9EFCBDC-85A1-E458-AA0B-54C0B97A42FF"/>
</indexColumnUsage>
</ind_PK_UK>
</indexes>
</Table>