<?xml version = '1.0' encoding = 'UTF-8'?>
<Table class="oracle.dbtools.crest.model.design.relational.Table" directorySegmentName="seg_0" id="725EEFFE-8EA4-5C38-6EC9-893D83EABE34" name="ANEXO">
<sourceConnName>XE-exequiel</sourceConnName>
<sourceObjSchema>C##EXEQUIEL</sourceObjSchema>
<sourceObjName>ANEXO</sourceObjName>
<createdBy>exequ</createdBy>
<createdTime>2025-08-31 12:12:37 UTC</createdTime>
<ownerDesignName>archivo</ownerDesignName>
<allowColumnReorder>false</allowColumnReorder>
<existDependencyGenerateInDDl>true</existDependencyGenerateInDDl>
<parsed>true</parsed>
<columns itemClass="oracle.dbtools.crest.model.design.relational.Column">
<Column name="ID_ANEXO" id="E0FC1E00-58E1-C0EE-AC84-1F78EF030DEB">
<sourceConnName>XE-exequiel</sourceConnName>
<sourceObjSchema>ANEXO</sourceObjSchema>
<sourceObjName>ID_ANEXO</sourceObjName>
<createdBy>exequ</createdBy>
<createdTime>2025-08-31 12:12:37 UTC</createdTime>
<ownerDesignName>archivo</ownerDesignName>
<useDomainConstraints>false</useDomainConstraints>
<use>1</use>
<logicalDatatype>LOGDT019</logicalDatatype>
<dataTypePrecision>*</dataTypePrecision>
<dataTypeScale>0</dataTypeScale>
<ownDataTypeParameters>,*,0</ownDataTypeParameters>
<autoIncrementCycle>false</autoIncrementCycle>
</Column>
<Column name="FECHA_INICIO_ESTADIA" id="E59DD27F-AB4A-E1F4-35CB-5A8D13326226">
<sourceConnName>XE-exequiel</sourceConnName>
<sourceObjSchema>ANEXO</sourceObjSchema>
<sourceObjName>FECHA_INICIO_ESTADIA</sourceObjName>
<createdBy>exequ</createdBy>
<createdTime>2025-08-31 12:12:37 UTC</createdTime>
<ownerDesignName>archivo</ownerDesignName>
<useDomainConstraints>false</useDomainConstraints>
<use>1</use>
<logicalDatatype>LOGDT007</logicalDatatype>
<dataTypeSize>7</dataTypeSize>
<ownDataTypeParameters>7,,</ownDataTypeParameters>
<autoIncrementCycle>false</autoIncrementCycle>
</Column>
<Column name="FECHA_TERMINO_ESTADIA" id="AE2AD932-197D-F1B3-0421-9062EEA52886">
<sourceConnName>XE-exequiel</sourceConnName>
<sourceObjSchema>ANEXO</sourceObjSchema>
<sourceObjName>FECHA_TERMINO_ESTADIA</sourceObjName>
<createdBy>exequ</createdBy>
<createdTime>2025-08-31 12:12:37 UTC</createdTime>
<ownerDesignName>archivo</ownerDesignName>
<nullsAllowed>true</nullsAllowed>
<useDomainConstraints>false</useDomainConstraints>
<use>1</use>
<logicalDatatype>LOGDT007</logicalDatatype>
<dataTypeSize>7</dataTypeSize>
<ownDataTypeParameters>7,,</ownDataTypeParameters>
<autoIncrementCycle>false</autoIncrementCycle>
</Column>
<Column name="OBSERVACIONES" id="1F45C835-0BAF-86EA-6864-49381DA4B513">
<sourceConnName>XE-exequiel</sourceConnName>
<sourceObjSchema>ANEXO</sourceObjSchema>
<sourceObjName>OBSERVACIONES</sourceObjName>
<createdBy>exequ</createdBy>
<createdTime>2025-08-31 12:12:37 UTC</createdTime>
<ownerDesignName>archivo</ownerDesignName>
<nullsAllowed>true</nullsAllowed>
<useDomainConstraints>false</useDomainConstraints>
<use>1</use>
<logicalDatatype>LOGDT024</logicalDatatype>
<dataTypeSize>500 BYTE</dataTypeSize>
<ownDataTypeParameters>500 BYTE,,</ownDataTypeParameters>
<autoIncrementCycle>false</autoIncrementCycle>
</Column>
<Column name="ID_CONTRATO" id="9693A1F7-45F9-7AAE-6685-286FB0C97CB0">
<sourceConnName>XE-exequiel</sourceConnName>
<sourceObjSchema>ANEXO</sourceObjSchema>
<sourceObjName>ID_CONTRATO</sourceObjName>
<createdBy>exequ</createdBy>
<createdTime>2025-08-31 12:12:37 UTC</createdTime>
<ownerDesignName>archivo</ownerDesignName>
<useDomainConstraints>false</useDomainConstraints>
<use>1</use>
<logicalDatatype>LOGDT019</logicalDatatype>
<dataTypePrecision>*</dataTypePrecision>
<dataTypeScale>0</dataTypeScale>
<ownDataTypeParameters>,,</ownDataTypeParameters>
<autoIncrementCycle>false</autoIncrementCycle>
<associations>
<colAssociation fkAssociation="97B37937-7521-F420-CF25-6E10CCB281CE" referredColumn="B213D20A-75A5-BAE2-9B2E-2B916A2231A3"/>
</associations>
</Column>
<Column name="RUT_RESIDENTE" id="4BD18527-642E-0C77-A2C3-C3A3ABAB0599">
<sourceConnName>XE-exequiel</sourceConnName>
<sourceObjSchema>ANEXO</sourceObjSchema>
<sourceObjName>RUT_RESIDENTE</sourceObjName>
<createdBy>exequ</createdBy>
<createdTime>2025-08-31 12:12:37 UTC</createdTime>
<ownerDesignName>archivo</ownerDesignName>
<useDomainConstraints>false</useDomainConstraints>
<use>1</use>
<logicalDatatype>LOGDT024</logicalDatatype>
<dataTypeSize>12 BYTE</dataTypeSize>
<ownDataTypeParameters>,,</ownDataTypeParameters>
<autoIncrementCycle>false</autoIncrementCycle>
<associations>
<colAssociation fkAssociation="901057AA-BCEE-10D5-1390-7155FD35F25D" referredColumn="81482DF8-9557-24F0-7AAB-20547A705D87"/>
</associations>
</Column>
</columns>
<indexes itemClass="oracle.dbtools.crest.model.design.relational.Index">
<ind_PK_UK id="98E135BB-F406-6A51-040E-C480006743C2" name="PK_ANEXO">
<sourceConnName>XE-exequiel</sourceConnName>
<sourceObjSchema>C##EXEQUIEL</sourceObjSchema>
<sourceObjName>PK_ANEXO</sourceObjName>
<createdBy>exequ</createdBy>
<createdTime>2025-08-31 12:12:41 UTC</createdTime>
<ownerDesignName>archivo</ownerDesignName>
<pk>true</pk>
<indexState>Primary Constraint</indexState>
<isSurrogateKey>false</isSurrogateKey>
<indexColumnUsage>
<colUsage columnID="E0FC1E00-58E1-C0EE-AC84-1F78EF030DEB"/>
</indexColumnUsage>
</ind_PK_UK>
<ind_PK_UK id="C3D69D4B-4EBD-314F-C711-6CD3D42EC4BA" schemaObject="FE6AD013-8C98-F24A-314B-ED49CB1F997A" name="PK_ANEXO">
<sourceConnName>XE-exequiel</sourceConnName>
<sourceObjSchema>C##EXEQUIEL</sourceObjSchema>
<sourceObjName>PK_ANEXO</sourceObjName>
<createdBy>exequ</createdBy>
<createdTime>2025-08-31 12:12:39 UTC</createdTime>
<ownerDesignName>archivo</ownerDesignName>
<indexState>Unique Plain Index</indexState>
<isSurrogateKey>false</isSurrogateKey>
<indexColumnUsage>
<colUsage columnID="E0FC1E00-58E1-C0EE-AC84-1F78EF030DEB"/>
</indexColumnUsage>
</ind_PK_UK>
<ind_PK_UK id="3D54F733-2ED7-69A1-B1D0-BC1793415645" name="FK_ANEXO_CONTRATO">
<createdBy>exequ</createdBy>
<createdTime>2025-08-31 12:12:41 UTC</createdTime>
<ownerDesignName>archivo</ownerDesignName>
<indexState>Foreign Key</indexState>
<isSurrogateKey>false</isSurrogateKey>
<indexColumnUsage>
<colUsage columnID="9693A1F7-45F9-7AAE-6685-286FB0C97CB0"/>
</indexColumnUsage>
</ind_PK_UK>
<ind_PK_UK id="91EAD06A-CB27-59A1-F527-5DECB4E73A50" name="FK_ANEXO_RESIDENTE">
<createdBy>exequ</createdBy>
<createdTime>2025-08-31 12:12:41 UTC</createdTime>
<ownerDesignName>archivo</ownerDesignName>
<indexState>Foreign Key</indexState>
<isSurrogateKey>false</isSurrogateKey>
<indexColumnUsage>
<colUsage columnID="4BD18527-642E-0C77-A2C3-C3A3ABAB0599"/>
</indexColumnUsage>
</ind_PK_UK>
</indexes>
</Table>