<?xml version = '1.0' encoding = 'UTF-8'?>
<Table class="oracle.dbtools.crest.model.design.relational.Table" directorySegmentName="seg_0" id="82BE46E4-90E6-5DB0-BD79-1D130665C625" name="RESIDENTE">
<sourceConnName>XE-exequiel</sourceConnName>
<sourceObjSchema>C##EXEQUIEL</sourceObjSchema>
<sourceObjName>RESIDENTE</sourceObjName>
<createdBy>exequ</createdBy>
<createdTime>2025-08-31 12:12:37 UTC</createdTime>
<ownerDesignName>archivo</ownerDesignName>
<allowColumnReorder>false</allowColumnReorder>
<existDependencyGenerateInDDl>true</existDependencyGenerateInDDl>
<parsed>true</parsed>
<columns itemClass="oracle.dbtools.crest.model.design.relational.Column">
<Column name="RUT_RESIDENTE" id="81482DF8-9557-24F0-7AAB-20547A705D87">
<sourceConnName>XE-exequiel</sourceConnName>
<sourceObjSchema>RESIDENTE</sourceObjSchema>
<sourceObjName>RUT_RESIDENTE</sourceObjName>
<createdBy>exequ</createdBy>
<createdTime>2025-08-31 12:12:37 UTC</createdTime>
<ownerDesignName>archivo</ownerDesignName>
<constraintName>CHK_RESIDENTE_RUT</constraintName>
<useDomainConstraints>false</useDomainConstraints>
<use>1</use>
<logicalDatatype>LOGDT024</logicalDatatype>
<dataTypeSize>12 BYTE</dataTypeSize>
<checkConstraint>
<implementationDef dbType="Generic Constraint" definition="REGEXP_LIKE(RUT_Residente, &apos;^[0-9]{7,8}-[0-9K]$&apos;)"/>
<implementationDef dbType="Oracle Database 21c" definition="REGEXP_LIKE(RUT_Residente, &apos;^[0-9]{7,8}-[0-9K]$&apos;)"/>
</checkConstraint>
<ownDataTypeParameters>12 BYTE,,</ownDataTypeParameters>
<autoIncrementCycle>false</autoIncrementCycle>
</Column>
<Column name="NOMBRE" id="1A7ED4DA-DEDB-B3C9-6186-E18CD25AD910">
<sourceConnName>XE-exequiel</sourceConnName>
<sourceObjSchema>RESIDENTE</sourceObjSchema>
<sourceObjName>NOMBRE</sourceObjName>
<createdBy>exequ</createdBy>
<createdTime>2025-08-31 12:12:37 UTC</createdTime>
<ownerDesignName>archivo</ownerDesignName>
<useDomainConstraints>false</useDomainConstraints>
<use>1</use>
<logicalDatatype>LOGDT024</logicalDatatype>
<dataTypeSize>150 BYTE</dataTypeSize>
<ownDataTypeParameters>150 BYTE,,</ownDataTypeParameters>
<autoIncrementCycle>false</autoIncrementCycle>
</Column>
<Column name="EDAD" id="A685E930-38C0-CDE1-860D-D170DB4DC69A">
<sourceConnName>XE-exequiel</sourceConnName>
<sourceObjSchema>RESIDENTE</sourceObjSchema>
<sourceObjName>EDAD</sourceObjName>
<createdBy>exequ</createdBy>
<createdTime>2025-08-31 12:12:37 UTC</createdTime>
<ownerDesignName>archivo</ownerDesignName>
<useDomainConstraints>false</useDomainConstraints>
<use>1</use>
<logicalDatatype>LOGDT019</logicalDatatype>
<dataTypePrecision>3</dataTypePrecision>
<dataTypeScale>0</dataTypeScale>
<ownDataTypeParameters>,3,0</ownDataTypeParameters>
<autoIncrementCycle>false</autoIncrementCycle>
</Column>
<Column name="AUTONOMIA" id="F42399F5-1913-2B0D-9D9A-384C99BD72A8">
<sourceConnName>XE-exequiel</sourceConnName>
<sourceObjSchema>RESIDENTE</sourceObjSchema>
<sourceObjName>AUTONOMIA</sourceObjName>
<createdBy>exequ</createdBy>
<createdTime>2025-08-31 12:12:37 UTC</createdTime>
<ownerDesignName>archivo</ownerDesignName>
<constraintName>CHK_RESIDENTE_AUTONOMIA</constraintName>
<useDomainConstraints>false</useDomainConstraints>
<use>1</use>
<logicalDatatype>LOGDT025</logicalDatatype>
<dataTypeSize>1 BYTE</dataTypeSize>
<listOfValues>
<valueDef value="&apos;N&apos;" description=""/>
<valueDef value="&apos;S&apos;" description=""/>
</listOfValues>
<ownDataTypeParameters>1 BYTE,,</ownDataTypeParameters>
<autoIncrementCycle>false</autoIncrementCycle>
</Column>
<Column name="ID_HABITACION" id="6F5472EB-3AFC-281F-D9E4-5989299F6A25">
<sourceConnName>XE-exequiel</sourceConnName>
<sourceObjSchema>RESIDENTE</sourceObjSchema>
<sourceObjName>ID_HABITACION</sourceObjName>
<createdBy>exequ</createdBy>
<createdTime>2025-08-31 12:12:37 UTC</createdTime>
<ownerDesignName>archivo</ownerDesignName>
<useDomainConstraints>false</useDomainConstraints>
<use>1</use>
<logicalDatatype>LOGDT019</logicalDatatype>
<dataTypePrecision>*</dataTypePrecision>
<dataTypeScale>0</dataTypeScale>
<ownDataTypeParameters>,,</ownDataTypeParameters>
<autoIncrementCycle>false</autoIncrementCycle>
<associations>
<colAssociation fkAssociation="0BB8CB64-0412-E748-618B-0A360D7F067E" referredColumn="09B63B94-C121-8D0E-7474-38AA4AAFD4A2"/>
</associations>
</Column>
</columns>
<indexes itemClass="oracle.dbtools.crest.model.design.relational.Index">
<ind_PK_UK id="1311668D-E58D-07A3-A936-ACD20333FE0D" name="PK_RESIDENTE">
<sourceConnName>XE-exequiel</sourceConnName>
<sourceObjSchema>C##EXEQUIEL</sourceObjSchema>
<sourceObjName>PK_RESIDENTE</sourceObjName>
<createdBy>exequ</createdBy>
<createdTime>2025-08-31 12:12:41 UTC</createdTime>
<ownerDesignName>archivo</ownerDesignName>
<pk>true</pk>
<indexState>Primary Constraint</indexState>
<isSurrogateKey>false</isSurrogateKey>
<indexColumnUsage>
<colUsage columnID="81482DF8-9557-24F0-7AAB-20547A705D87"/>
</indexColumnUsage>
</ind_PK_UK>
<ind_PK_UK id="C2647E08-FCE5-DA72-25E3-6A10C14F3BB0" schemaObject="FE6AD013-8C98-F24A-314B-ED49CB1F997A" name="RESIDENTE_ID_HABITACION_UN">
<sourceConnName>XE-exequiel</sourceConnName>
<sourceObjSchema>C##EXEQUIEL</sourceObjSchema>
<sourceObjName>SYS_C008353</sourceObjName>
<createdBy>exequ</createdBy>
<createdTime>2025-08-31 12:12:40 UTC</createdTime>
<ownerDesignName>archivo</ownerDesignName>
<indexState>Unique Constraint</indexState>
<isSurrogateKey>false</isSurrogateKey>
<indexColumnUsage>
<colUsage columnID="6F5472EB-3AFC-281F-D9E4-5989299F6A25"/>
</indexColumnUsage>
</ind_PK_UK>
<ind_PK_UK id="6E6BE809-1B67-FD60-6BCA-7FB43396C0A3" schemaObject="FE6AD013-8C98-F24A-314B-ED49CB1F997A" name="PK_RESIDENTE">
<sourceConnName>XE-exequiel</sourceConnName>
<sourceObjSchema>C##EXEQUIEL</sourceObjSchema>
<sourceObjName>PK_RESIDENTE</sourceObjName>
<createdBy>exequ</createdBy>
<createdTime>2025-08-31 12:12:40 UTC</createdTime>
<ownerDesignName>archivo</ownerDesignName>
<indexState>Unique Plain Index</indexState>
<isSurrogateKey>false</isSurrogateKey>
<indexColumnUsage>
<colUsage columnID="81482DF8-9557-24F0-7AAB-20547A705D87"/>
</indexColumnUsage>
</ind_PK_UK>
<ind_PK_UK id="2D024374-8DD6-F0DD-EA84-DEBF42A83E58" name="FK_RESIDENTE_HABITACION">
<createdBy>exequ</createdBy>
<createdTime>2025-08-31 12:12:41 UTC</createdTime>
<ownerDesignName>archivo</ownerDesignName>
<indexState>Foreign Key</indexState>
<isSurrogateKey>false</isSurrogateKey>
<indexColumnUsage>
<colUsage columnID="6F5472EB-3AFC-281F-D9E4-5989299F6A25"/>
</indexColumnUsage>
</ind_PK_UK>
</indexes>
</Table>