<?xml version = '1.0' encoding = 'UTF-8'?>
<Table class="oracle.dbtools.crest.model.design.relational.Table" directorySegmentName="seg_0" id="854EA84F-C7AF-70E3-3DC4-2CCC5018D561" name="TEMPORAL">
<sourceConnName>XE-exequiel</sourceConnName>
<sourceObjSchema>C##EXEQUIEL</sourceObjSchema>
<sourceObjName>TEMPORAL</sourceObjName>
<createdBy>exequ</createdBy>
<createdTime>2025-08-31 12:12:37 UTC</createdTime>
<ownerDesignName>archivo</ownerDesignName>
<allowColumnReorder>false</allowColumnReorder>
<existDependencyGenerateInDDl>true</existDependencyGenerateInDDl>
<parsed>true</parsed>
<columns itemClass="oracle.dbtools.crest.model.design.relational.Column">
<Column name="RUT_RESIDENTE" id="1D996F11-CE85-C7D3-5166-9797CBFAA05A">
<sourceConnName>XE-exequiel</sourceConnName>
<sourceObjSchema>TEMPORAL</sourceObjSchema>
<sourceObjName>RUT_RESIDENTE</sourceObjName>
<createdBy>exequ</createdBy>
<createdTime>2025-08-31 12:12:37 UTC</createdTime>
<ownerDesignName>archivo</ownerDesignName>
<useDomainConstraints>false</useDomainConstraints>
<use>1</use>
<logicalDatatype>LOGDT024</logicalDatatype>
<dataTypeSize>12 BYTE</dataTypeSize>
<ownDataTypeParameters>,,</ownDataTypeParameters>
<autoIncrementCycle>false</autoIncrementCycle>
<associations>
<colAssociation fkAssociation="464461A0-0F6E-9F5A-6D38-400807B977EA" referredColumn="81482DF8-9557-24F0-7AAB-20547A705D87"/>
</associations>
</Column>
<Column name="DIAS_ESTADIA_PREVISTOS" id="14269705-6520-ABFA-B0D8-95521799EED8">
<sourceConnName>XE-exequiel</sourceConnName>
<sourceObjSchema>TEMPORAL</sourceObjSchema>
<sourceObjName>DIAS_ESTADIA_PREVISTOS</sourceObjName>
<createdBy>exequ</createdBy>
<createdTime>2025-08-31 12:12:37 UTC</createdTime>
<ownerDesignName>archivo</ownerDesignName>
<useDomainConstraints>false</useDomainConstraints>
<use>1</use>
<logicalDatatype>LOGDT019</logicalDatatype>
<dataTypePrecision>4</dataTypePrecision>
<dataTypeScale>0</dataTypeScale>
<ownDataTypeParameters>,4,0</ownDataTypeParameters>
<autoIncrementCycle>false</autoIncrementCycle>
</Column>
</columns>
<indexes itemClass="oracle.dbtools.crest.model.design.relational.Index">
<ind_PK_UK id="D5628D1A-FDB6-44DF-7A7E-FD4A9B5D8380" name="PK_TEMPORAL">
<sourceConnName>XE-exequiel</sourceConnName>
<sourceObjSchema>C##EXEQUIEL</sourceObjSchema>
<sourceObjName>PK_TEMPORAL</sourceObjName>
<createdBy>exequ</createdBy>
<createdTime>2025-08-31 12:12:41 UTC</createdTime>
<ownerDesignName>archivo</ownerDesignName>
<pk>true</pk>
<indexState>Primary Constraint</indexState>
<isSurrogateKey>false</isSurrogateKey>
<indexColumnUsage>
<colUsage columnID="1D996F11-CE85-C7D3-5166-9797CBFAA05A"/>
</indexColumnUsage>
</ind_PK_UK>
<ind_PK_UK id="DD57E510-85CE-5117-8610-606B270E1C58" schemaObject="FE6AD013-8C98-F24A-314B-ED49CB1F997A" name="PK_TEMPORAL">
<sourceConnName>XE-exequiel</sourceConnName>
<sourceObjSchema>C##EXEQUIEL</sourceObjSchema>
<sourceObjName>PK_TEMPORAL</sourceObjName>
<createdBy>exequ</createdBy>
<createdTime>2025-08-31 12:12:40 UTC</createdTime>
<ownerDesignName>archivo</ownerDesignName>
<indexState>Unique Plain Index</indexState>
<isSurrogateKey>false</isSurrogateKey>
<indexColumnUsage>
<colUsage columnID="1D996F11-CE85-C7D3-5166-9797CBFAA05A"/>
</indexColumnUsage>
</ind_PK_UK>
<ind_PK_UK id="DCF8545C-ACE6-D03F-82F7-7CE8F926ED9B" name="FK_TEMPORAL_RESIDENTE">
<createdBy>exequ</createdBy>
<createdTime>2025-08-31 12:12:41 UTC</createdTime>
<ownerDesignName>archivo</ownerDesignName>
<indexState>Foreign Key</indexState>
<isSurrogateKey>false</isSurrogateKey>
<indexColumnUsage>
<colUsage columnID="1D996F11-CE85-C7D3-5166-9797CBFAA05A"/>
</indexColumnUsage>
</ind_PK_UK>
</indexes>
</Table>