<?xml version = '1.0' encoding = 'UTF-8'?>
<Table class="oracle.dbtools.crest.model.design.relational.Table" directorySegmentName="seg_0" id="89E5E282-C1E8-457F-68ED-5E13734A987C" name="HABITACION">
<sourceConnName>XE-exequiel</sourceConnName>
<sourceObjSchema>C##EXEQUIEL</sourceObjSchema>
<sourceObjName>HABITACION</sourceObjName>
<createdBy>exequ</createdBy>
<createdTime>2025-08-31 12:12:37 UTC</createdTime>
<ownerDesignName>archivo</ownerDesignName>
<allowColumnReorder>false</allowColumnReorder>
<existDependencyGenerateInDDl>true</existDependencyGenerateInDDl>
<parsed>true</parsed>
<columns itemClass="oracle.dbtools.crest.model.design.relational.Column">
<Column name="ID_HABITACION" id="09B63B94-C121-8D0E-7474-38AA4AAFD4A2">
<sourceConnName>XE-exequiel</sourceConnName>
<sourceObjSchema>HABITACION</sourceObjSchema>
<sourceObjName>ID_HABITACION</sourceObjName>
<createdBy>exequ</createdBy>
<createdTime>2025-08-31 12:12:37 UTC</createdTime>
<ownerDesignName>archivo</ownerDesignName>
<useDomainConstraints>false</useDomainConstraints>
<use>1</use>
<logicalDatatype>LOGDT019</logicalDatatype>
<dataTypePrecision>*</dataTypePrecision>
<dataTypeScale>0</dataTypeScale>
<ownDataTypeParameters>,*,0</ownDataTypeParameters>
<autoIncrementCycle>false</autoIncrementCycle>
</Column>
<Column name="NUMERO" id="55BBAE15-B616-C2CD-4A76-AB8B3159151B">
<sourceConnName>XE-exequiel</sourceConnName>
<sourceObjSchema>HABITACION</sourceObjSchema>
<sourceObjName>NUMERO</sourceObjName>
<createdBy>exequ</createdBy>
<createdTime>2025-08-31 12:12:37 UTC</createdTime>
<ownerDesignName>archivo</ownerDesignName>
<useDomainConstraints>false</useDomainConstraints>
<use>1</use>
<logicalDatatype>LOGDT024</logicalDatatype>
<dataTypeSize>10 BYTE</dataTypeSize>
<ownDataTypeParameters>10 BYTE,,</ownDataTypeParameters>
<autoIncrementCycle>false</autoIncrementCycle>
</Column>
<Column name="TIPO" id="05EFDDB7-16A8-F493-FD9E-4321310AC247">
<sourceConnName>XE-exequiel</sourceConnName>
<sourceObjSchema>HABITACION</sourceObjSchema>
<sourceObjName>TIPO</sourceObjName>
<createdBy>exequ</createdBy>
<createdTime>2025-08-31 12:12:37 UTC</createdTime>
<ownerDesignName>archivo</ownerDesignName>
<constraintName>CHK_HABITACION_TIPO</constraintName>
<useDomainConstraints>false</useDomainConstraints>
<use>1</use>
<logicalDatatype>LOGDT024</logicalDatatype>
<dataTypeSize>20 BYTE</dataTypeSize>
<listOfValues>
<valueDef value="&apos;Compartida&apos;" description=""/>
<valueDef value="&apos;Individual&apos;" description=""/>
</listOfValues>
<ownDataTypeParameters>20 BYTE,,</ownDataTypeParameters>
<autoIncrementCycle>false</autoIncrementCycle>
</Column>
<Column name="ID_RESIDENCIA" id="76749EAA-A54D-A3AD-969F-69810B80DDF5">
<sourceConnName>XE-exequiel</sourceConnName>
<sourceObjSchema>HABITACION</sourceObjSchema>
<sourceObjName>ID_RESIDENCIA</sourceObjName>
<createdBy>exequ</createdBy>
<createdTime>2025-08-31 12:12:37 UTC</createdTime>
<ownerDesignName>archivo</ownerDesignName>
<useDomainConstraints>false</useDomainConstraints>
<use>1</use>
<logicalDatatype>LOGDT019</logicalDatatype>
<dataTypePrecision>*</dataTypePrecision>
<dataTypeScale>0</dataTypeScale>
<ownDataTypeParameters>,,</ownDataTypeParameters>
<autoIncrementCycle>false</autoIncrementCycle>
<associations>
<colAssociation fkAssociation="5D85B6CE-A343-1CF9-E537-43F3F972A9F9" referredColumn="5F998EFF-518D-A6E9-48B1-144BB179FCAA"/>
</associations>
</Column>
</columns>
<indexes itemClass="oracle.dbtools.crest.model.design.relational.Index">
<ind_PK_UK id="A5CD5800-0240-BDA6-7610-2481AB993006" name="PK_HABITACION">
<sourceConnName>XE-exequiel</sourceConnName>
<sourceObjSchema>C##EXEQUIEL</sourceObjSchema>
<sourceObjName>PK_HABITACION</sourceObjName>
<createdBy>exequ</createdBy>
<createdTime>2025-08-31 12:12:41 UTC</createdTime>
<ownerDesignName>archivo</ownerDesignName>
<pk>true</pk>
<indexState>Primary Constraint</indexState>
<isSurrogateKey>false</isSurrogateKey>
<indexColumnUsage>
<colUsage columnID="09B63B94-C121-8D0E-7474-38AA4AAFD4A2"/>
</indexColumnUsage>
</ind_PK_UK>
<ind_PK_UK id="D7E53DE7-6E94-90CD-BBF1-5DD66549E269" schemaObject="FE6AD013-8C98-F24A-314B-ED49CB1F997A" name="PK_HABITACION">
<sourceConnName>XE-exequiel</sourceConnName>
<sourceObjSchema>C##EXEQUIEL</sourceObjSchema>
<sourceObjName>PK_HABITACION</sourceObjName>
<createdBy>exequ</createdBy>
<createdTime>2025-08-31 12:12:40 UTC</createdTime>
<ownerDesignName>archivo</ownerDesignName>
<indexState>Unique Plain Index</indexState>
<isSurrogateKey>false</isSurrogateKey>
<indexColumnUsage>
<colUsage columnID="09B63B94-C121-8D0E-7474-38AA4AAFD4A2"/>
</indexColumnUsage>
</ind_PK_UK>
<ind_PK_UK id="C43F8803-871B-649B-5C52-557B84824935" name="FK_HABITACION_RESIDENCIA">
<createdBy>exequ</createdBy>
<createdTime>2025-08-31 12:12:41 UTC</createdTime>
<ownerDesignName>archivo</ownerDesignName>
<indexState>Foreign Key</indexState>
<isSurrogateKey>false</isSurrogateKey>
<indexColumnUsage>
<colUsage columnID="76749EAA-A54D-A3AD-969F-69810B80DDF5"/>
</indexColumnUsage>
</ind_PK_UK>
</indexes>
</Table>