<?xml version = '1.0' encoding = 'UTF-8'?>
<Table class="oracle.dbtools.crest.model.design.relational.Table" directorySegmentName="seg_0" id="D25B8586-2E57-DBBD-EE41-97BC91511530" name="PERMANENTE">
<sourceConnName>XE-exequiel</sourceConnName>
<sourceObjSchema>C##EXEQUIEL</sourceObjSchema>
<sourceObjName>PERMANENTE</sourceObjName>
<createdBy>exequ</createdBy>
<createdTime>2025-08-31 12:12:37 UTC</createdTime>
<ownerDesignName>archivo</ownerDesignName>
<allowColumnReorder>false</allowColumnReorder>
<existDependencyGenerateInDDl>true</existDependencyGenerateInDDl>
<parsed>true</parsed>
<columns itemClass="oracle.dbtools.crest.model.design.relational.Column">
<Column name="RUT_RESIDENTE" id="DA7A5312-582A-79E8-C96C-395730D10AE0">
<sourceConnName>XE-exequiel</sourceConnName>
<sourceObjSchema>PERMANENTE</sourceObjSchema>
<sourceObjName>RUT_RESIDENTE</sourceObjName>
<createdBy>exequ</createdBy>
<createdTime>2025-08-31 12:12:37 UTC</createdTime>
<ownerDesignName>archivo</ownerDesignName>
<useDomainConstraints>false</useDomainConstraints>
<use>1</use>
<logicalDatatype>LOGDT024</logicalDatatype>
<dataTypeSize>12 BYTE</dataTypeSize>
<ownDataTypeParameters>,,</ownDataTypeParameters>
<autoIncrementCycle>false</autoIncrementCycle>
<associations>
<colAssociation fkAssociation="10BD4CAA-98E2-4CF5-CD68-9744C0443617" referredColumn="81482DF8-9557-24F0-7AAB-20547A705D87"/>
</associations>
</Column>
<Column name="HISTORIAL_CLINICO" id="B699A8CD-79A8-A989-3C84-8EE740FBD99A">
<sourceConnName>XE-exequiel</sourceConnName>
<sourceObjSchema>PERMANENTE</sourceObjSchema>
<sourceObjName>HISTORIAL_CLINICO</sourceObjName>
<createdBy>exequ</createdBy>
<createdTime>2025-08-31 12:12:37 UTC</createdTime>
<ownerDesignName>archivo</ownerDesignName>
<nullsAllowed>true</nullsAllowed>
<useDomainConstraints>false</useDomainConstraints>
<use>1</use>
<logicalDatatype>LOGDT024</logicalDatatype>
<dataTypeSize>1000 BYTE</dataTypeSize>
<ownDataTypeParameters>1000 BYTE,,</ownDataTypeParameters>
<autoIncrementCycle>false</autoIncrementCycle>
</Column>
</columns>
<indexes itemClass="oracle.dbtools.crest.model.design.relational.Index">
<ind_PK_UK id="BBA61B14-0554-7705-3287-80CC0D58CACC" name="PK_PERMANENTE">
<sourceConnName>XE-exequiel</sourceConnName>
<sourceObjSchema>C##EXEQUIEL</sourceObjSchema>
<sourceObjName>PK_PERMANENTE</sourceObjName>
<createdBy>exequ</createdBy>
<createdTime>2025-08-31 12:12:41 UTC</createdTime>
<ownerDesignName>archivo</ownerDesignName>
<pk>true</pk>
<indexState>Primary Constraint</indexState>
<isSurrogateKey>false</isSurrogateKey>
<indexColumnUsage>
<colUsage columnID="DA7A5312-582A-79E8-C96C-395730D10AE0"/>
</indexColumnUsage>
</ind_PK_UK>
<ind_PK_UK id="E79E7C13-0AB0-CD19-CE21-90B32EEC6C9C" schemaObject="FE6AD013-8C98-F24A-314B-ED49CB1F997A" name="PK_PERMANENTE">
<sourceConnName>XE-exequiel</sourceConnName>
<sourceObjSchema>C##EXEQUIEL</sourceObjSchema>
<sourceObjName>PK_PERMANENTE</sourceObjName>
<createdBy>exequ</createdBy>
<createdTime>2025-08-31 12:12:40 UTC</createdTime>
<ownerDesignName>archivo</ownerDesignName>
<indexState>Unique Plain Index</indexState>
<isSurrogateKey>false</isSurrogateKey>
<indexColumnUsage>
<colUsage columnID="DA7A5312-582A-79E8-C96C-395730D10AE0"/>
</indexColumnUsage>
</ind_PK_UK>
<ind_PK_UK id="FFA312C4-8D6E-B410-7B22-5923EE555091" name="FK_PERMANENTE_RESIDENTE">
<createdBy>exequ</createdBy>
<createdTime>2025-08-31 12:12:41 UTC</createdTime>
<ownerDesignName>archivo</ownerDesignName>
<indexState>Foreign Key</indexState>
<isSurrogateKey>false</isSurrogateKey>
<indexColumnUsage>
<colUsage columnID="DA7A5312-582A-79E8-C96C-395730D10AE0"/>
</indexColumnUsage>
</ind_PK_UK>
</indexes>
</Table>