<?xml version = '1.0' encoding = 'UTF-8'?>
<Table class="oracle.dbtools.crest.model.design.relational.Table" directorySegmentName="seg_0" id="D4541423-54AE-93DF-A4BF-76C1DCE26D75" name="APODERADO">
<sourceConnName>XE-exequiel</sourceConnName>
<sourceObjSchema>C##EXEQUIEL</sourceObjSchema>
<sourceObjName>APODERADO</sourceObjName>
<createdBy>exequ</createdBy>
<createdTime>2025-08-31 12:12:37 UTC</createdTime>
<ownerDesignName>archivo</ownerDesignName>
<allowColumnReorder>false</allowColumnReorder>
<existDependencyGenerateInDDl>true</existDependencyGenerateInDDl>
<parsed>true</parsed>
<columns itemClass="oracle.dbtools.crest.model.design.relational.Column">
<Column name="RUT_APODERADO" id="0F08ECA1-DB0D-AA27-1842-F096C4784AAD">
<sourceConnName>XE-exequiel</sourceConnName>
<sourceObjSchema>APODERADO</sourceObjSchema>
<sourceObjName>RUT_APODERADO</sourceObjName>
<createdBy>exequ</createdBy>
<createdTime>2025-08-31 12:12:37 UTC</createdTime>
<ownerDesignName>archivo</ownerDesignName>
<constraintName>CHK_APODERADO_RUT</constraintName>
<useDomainConstraints>false</useDomainConstraints>
<use>1</use>
<logicalDatatype>LOGDT024</logicalDatatype>
<dataTypeSize>12 BYTE</dataTypeSize>
<checkConstraint>
<implementationDef dbType="Generic Constraint" definition="REGEXP_LIKE(RUT_Apoderado, &apos;^[0-9]{7,8}-[0-9K]$&apos;)"/>
<implementationDef dbType="Oracle Database 21c" definition="REGEXP_LIKE(RUT_Apoderado, &apos;^[0-9]{7,8}-[0-9K]$&apos;)"/>
</checkConstraint>
<ownDataTypeParameters>12 BYTE,,</ownDataTypeParameters>
<autoIncrementCycle>false</autoIncrementCycle>
</Column>
<Column name="NOMBRE" id="EAADE672-BE79-9C44-727C-21F5FDD01503">
<sourceConnName>XE-exequiel</sourceConnName>
<sourceObjSchema>APODERADO</sourceObjSchema>
<sourceObjName>NOMBRE</sourceObjName>
<createdBy>exequ</createdBy>
<createdTime>2025-08-31 12:12:37 UTC</createdTime>
<ownerDesignName>archivo</ownerDesignName>
<useDomainConstraints>false</useDomainConstraints>
<use>1</use>
<logicalDatatype>LOGDT024</logicalDatatype>
<dataTypeSize>150 BYTE</dataTypeSize>
<ownDataTypeParameters>150 BYTE,,</ownDataTypeParameters>
<autoIncrementCycle>false</autoIncrementCycle>
</Column>
<Column name="CONTACTO" id="04491AEC-0D37-3B87-C250-2C1808B15006">
<sourceConnName>XE-exequiel</sourceConnName>
<sourceObjSchema>APODERADO</sourceObjSchema>
<sourceObjName>CONTACTO</sourceObjName>
<createdBy>exequ</createdBy>
<createdTime>2025-08-31 12:12:37 UTC</createdTime>
<ownerDesignName>archivo</ownerDesignName>
<useDomainConstraints>false</useDomainConstraints>
<use>1</use>
<logicalDatatype>LOGDT024</logicalDatatype>
<dataTypeSize>100 BYTE</dataTypeSize>
<ownDataTypeParameters>100 BYTE,,</ownDataTypeParameters>
<autoIncrementCycle>false</autoIncrementCycle>
</Column>
</columns>
<indexes itemClass="oracle.dbtools.crest.model.design.relational.Index">
<ind_PK_UK id="E4878586-08AC-0DDA-D40A-8EF83E242174" name="PK_APODERADO">
<sourceConnName>XE-exequiel</sourceConnName>
<sourceObjSchema>C##EXEQUIEL</sourceObjSchema>
<sourceObjName>PK_APODERADO</sourceObjName>
<createdBy>exequ</createdBy>
<createdTime>2025-08-31 12:12:41 UTC</createdTime>
<ownerDesignName>archivo</ownerDesignName>
<pk>true</pk>
<indexState>Primary Constraint</indexState>
<isSurrogateKey>false</isSurrogateKey>
<indexColumnUsage>
<colUsage columnID="0F08ECA1-DB0D-AA27-1842-F096C4784AAD"/>
</indexColumnUsage>
</ind_PK_UK>
<ind_PK_UK id="549E212C-F222-1FD5-42AF-CFAAEAAFD8CF" schemaObject="FE6AD013-8C98-F24A-314B-ED49CB1F997A" name="PK_APODERADO">
<sourceConnName>XE-exequiel</sourceConnName>
<sourceObjSchema>C##EXEQUIEL</sourceObjSchema>
<sourceObjName>PK_APODERADO</sourceObjName>
<createdBy>exequ</createdBy>
<createdTime>2025-08-31 12:12:40 UTC</createdTime>
<ownerDesignName>archivo</ownerDesignName>
<indexState>Unique Plain Index</indexState>
<isSurrogateKey>false</isSurrogateKey>
<indexColumnUsage>
<colUsage columnID="0F08ECA1-DB0D-AA27-1842-F096C4784AAD"/>
</indexColumnUsage>
</ind_PK_UK>
</indexes>
</Table>