<?xml version = '1.0' encoding = 'UTF-8'?>
<Entity class="oracle.dbtools.crest.model.design.logical.Entity" directorySegmentName="seg_0" id="BD964422-2421-F673-B886-36C78AF90CB6" name="CUIDADOR">
<createdBy>exequ</createdBy>
<createdTime>2025-08-31 12:17:52 UTC</createdTime>
<generatorID>2CF94447-5DE1-3BC7-9781-7DD7CB8EA2CF</generatorID>
<ownerDesignName>archivo</ownerDesignName>
<engineerTo>
<item key="1C0309CF-8E8A-A439-4F18-8DD93CBBCAF2" value="true"/>
</engineerTo>
<adequatelyNormalized>NO</adequatelyNormalized>
<expectedVolumes>0</expectedVolumes>
<fwdEngineeringStrategyName>Single Table</fwdEngineeringStrategyName>
<growthPercent>0</growthPercent>
<growthType>Year</growthType>
<maxVolumes>9999999</maxVolumes>
<minVolumes>0</minVolumes>
<normalForm>Third</normalForm>
<attributes itemClass="oracle.dbtools.crest.model.design.logical.Attribute">
<Attribute name="RUT PERSONAL" id="052175DE-08AC-426B-879D-923F7F840F3A">
<createdBy>exequ</createdBy>
<createdTime>2025-08-31 12:17:52 UTC</createdTime>
<generatorID>84F9A1F0-B0BC-64AC-178F-FD890C16D767</generatorID>
<ownerDesignName>archivo</ownerDesignName>
<engineerTo>
<item key="1C0309CF-8E8A-A439-4F18-8DD93CBBCAF2" value="true"/>
</engineerTo>
<referedAttribute>8716F6D2-4E9E-4F18-DAEA-F6D24E6E0AF6</referedAttribute>
<useDomainConstraints>false</useDomainConstraints>
<use>1</use>
<logicalDatatype>LOGDT024</logicalDatatype>
<dataTypeSize>12 BYTE</dataTypeSize>
<ownDataTypeParameters>,,</ownDataTypeParameters>
</Attribute>
</attributes>
<identifiers itemClass="oracle.dbtools.crest.model.design.logical.CandidateKey">
<identifier id="DA2DCE79-57C8-E58D-F1ED-9B399AACC83F" name="PK CUIDADOR">
<createdBy>exequ</createdBy>
<createdTime>2025-08-31 12:17:52 UTC</createdTime>
<generatorID>7B667339-B92D-D12B-5762-BACDC3472A56</generatorID>
<ownerDesignName>archivo</ownerDesignName>
<engineerTo>
<item key="1C0309CF-8E8A-A439-4F18-8DD93CBBCAF2" value="true"/>
</engineerTo>
<pk>true</pk>
<usedAttributes>
<attributeRef>052175DE-08AC-426B-879D-923F7F840F3A</attributeRef>
</usedAttributes>
</identifier>
</identifiers>
</Entity>