<?xml version = '1.0' encoding = 'UTF-8'?>
<Entity class="oracle.dbtools.crest.model.design.logical.Entity" directorySegmentName="seg_0" id="D8077FAA-0280-5AD2-1418-8EA78F8F1ED0" name="ANEXO">
<createdBy>exequ</createdBy>
<createdTime>2025-08-31 12:17:52 UTC</createdTime>
<generatorID>725EEFFE-8EA4-5C38-6EC9-893D83EABE34</generatorID>
<ownerDesignName>archivo</ownerDesignName>
<engineerTo>
<item key="1C0309CF-8E8A-A439-4F18-8DD93CBBCAF2" value="true"/>
</engineerTo>
<adequatelyNormalized>NO</adequatelyNormalized>
<expectedVolumes>0</expectedVolumes>
<fwdEngineeringStrategyName>Single Table</fwdEngineeringStrategyName>
<growthPercent>0</growthPercent>
<growthType>Year</growthType>
<maxVolumes>9999999</maxVolumes>
<minVolumes>0</minVolumes>
<normalForm>Third</normalForm>
<attributes itemClass="oracle.dbtools.crest.model.design.logical.Attribute">
<Attribute name="ID ANEXO" id="6DA3BD93-FDDF-6218-37F2-7854C54D0837">
<createdBy>exequ</createdBy>
<createdTime>2025-08-31 12:17:52 UTC</createdTime>
<generatorID>E0FC1E00-58E1-C0EE-AC84-1F78EF030DEB</generatorID>
<ownerDesignName>archivo</ownerDesignName>
<engineerTo>
<item key="1C0309CF-8E8A-A439-4F18-8DD93CBBCAF2" value="true"/>
</engineerTo>
<useDomainConstraints>false</useDomainConstraints>
<use>1</use>
<logicalDatatype>LOGDT019</logicalDatatype>
<dataTypePrecision>*</dataTypePrecision>
<dataTypeScale>0</dataTypeScale>
<ownDataTypeParameters>,*,0</ownDataTypeParameters>
</Attribute>
<Attribute name="FECHA INICIO ESTADIA" id="06710E5C-FD62-1306-806C-1F81A7D73927">
<createdBy>exequ</createdBy>
<createdTime>2025-08-31 12:17:52 UTC</createdTime>
<generatorID>E59DD27F-AB4A-E1F4-35CB-5A8D13326226</generatorID>
<ownerDesignName>archivo</ownerDesignName>
<engineerTo>
<item key="1C0309CF-8E8A-A439-4F18-8DD93CBBCAF2" value="true"/>
</engineerTo>
<useDomainConstraints>false</useDomainConstraints>
<use>1</use>
<logicalDatatype>LOGDT007</logicalDatatype>
<dataTypeSize>7</dataTypeSize>
<ownDataTypeParameters>7,,</ownDataTypeParameters>
</Attribute>
<Attribute name="FECHA TERMINO ESTADIA" id="367D9C8B-9731-C6F5-ED30-2B3C6F2C9415">
<createdBy>exequ</createdBy>
<createdTime>2025-08-31 12:17:52 UTC</createdTime>
<generatorID>AE2AD932-197D-F1B3-0421-9062EEA52886</generatorID>
<ownerDesignName>archivo</ownerDesignName>
<engineerTo>
<item key="1C0309CF-8E8A-A439-4F18-8DD93CBBCAF2" value="true"/>
</engineerTo>
<nullsAllowed>true</nullsAllowed>
<useDomainConstraints>false</useDomainConstraints>
<use>1</use>
<logicalDatatype>LOGDT007</logicalDatatype>
<dataTypeSize>7</dataTypeSize>
<ownDataTypeParameters>7,,</ownDataTypeParameters>
</Attribute>
<Attribute name="OBSERVACIONES" id="CABFE1A1-9B3D-5B9D-ACB0-BCED8CC0507B">
<createdBy>exequ</createdBy>
<createdTime>2025-08-31 12:17:52 UTC</createdTime>
<generatorID>1F45C835-0BAF-86EA-6864-49381DA4B513</generatorID>
<ownerDesignName>archivo</ownerDesignName>
<engineerTo>
<item key="1C0309CF-8E8A-A439-4F18-8DD93CBBCAF2" value="true"/>
</engineerTo>
<nullsAllowed>true</nullsAllowed>
<useDomainConstraints>false</useDomainConstraints>
<use>1</use>
<logicalDatatype>LOGDT024</logicalDatatype>
<dataTypeSize>500 BYTE</dataTypeSize>
<ownDataTypeParameters>500 BYTE,,</ownDataTypeParameters>
</Attribute>
<Attribute name="ID CONTRATO" id="E85DA8EF-34C3-939F-8B84-A436012508F7">
<createdBy>exequ</createdBy>
<createdTime>2025-08-31 12:17:52 UTC</createdTime>
<generatorID>69D5E4D5-DD5A-56C7-930D-3FEDC52A53BD</generatorID>
<ownerDesignName>archivo</ownerDesignName>
<engineerTo>
<item key="1C0309CF-8E8A-A439-4F18-8DD93CBBCAF2" value="true"/>
</engineerTo>
<referedAttribute>F3BAFC0C-2515-E4E3-74CD-6F1112040DE7</referedAttribute>
<useDomainConstraints>false</useDomainConstraints>
<use>1</use>
<logicalDatatype>LOGDT019</logicalDatatype>
<dataTypePrecision>*</dataTypePrecision>
<dataTypeScale>0</dataTypeScale>
<ownDataTypeParameters>,,</ownDataTypeParameters>
</Attribute>
<Attribute name="RUT RESIDENTE" id="41CA75C9-2A21-05A9-4E02-85C2AB4E1C02">
<createdBy>exequ</createdBy>
<createdTime>2025-08-31 12:17:52 UTC</createdTime>
<generatorID>8C914CF8-3E08-A661-B41D-29AFBDEC3A15</generatorID>
<ownerDesignName>archivo</ownerDesignName>
<engineerTo>
<item key="1C0309CF-8E8A-A439-4F18-8DD93CBBCAF2" value="true"/>
</engineerTo>
<referedAttribute>94ACB508-7A7F-6E0D-F775-884674F7E157</referedAttribute>
<useDomainConstraints>false</useDomainConstraints>
<use>1</use>
<logicalDatatype>LOGDT024</logicalDatatype>
<dataTypeSize>12 BYTE</dataTypeSize>
<ownDataTypeParameters>,,</ownDataTypeParameters>
</Attribute>
</attributes>
<identifiers itemClass="oracle.dbtools.crest.model.design.logical.CandidateKey">
<identifier id="8589F148-1471-5EF4-9040-008CD6BB4DBF" name="PK ANEXO">
<createdBy>exequ</createdBy>
<createdTime>2025-08-31 12:17:52 UTC</createdTime>
<generatorID>98E135BB-F406-6A51-040E-C480006743C2</generatorID>
<ownerDesignName>archivo</ownerDesignName>
<engineerTo>
<item key="1C0309CF-8E8A-A439-4F18-8DD93CBBCAF2" value="true"/>
</engineerTo>
<pk>true</pk>
<usedAttributes>
<attributeRef>6DA3BD93-FDDF-6218-37F2-7854C54D0837</attributeRef>
</usedAttributes>
</identifier>
</identifiers>
</Entity>