<?xml version = '1.0' encoding = 'UTF-8'?>
<Entity class="oracle.dbtools.crest.model.design.logical.Entity" directorySegmentName="seg_0" id="F54C3A3E-48BA-D421-89FB-7D68444B1AD2" name="RESIDENCIA">
<createdBy>exequ</createdBy>
<createdTime>2025-08-31 12:17:52 UTC</createdTime>
<generatorID>2658C297-FD74-8FAC-F0B2-F8B4D3D472B0</generatorID>
<ownerDesignName>archivo</ownerDesignName>
<engineerTo>
<item key="1C0309CF-8E8A-A439-4F18-8DD93CBBCAF2" value="true"/>
</engineerTo>
<adequatelyNormalized>NO</adequatelyNormalized>
<expectedVolumes>0</expectedVolumes>
<fwdEngineeringStrategyName>Single Table</fwdEngineeringStrategyName>
<growthPercent>0</growthPercent>
<growthType>Year</growthType>
<maxVolumes>9999999</maxVolumes>
<minVolumes>0</minVolumes>
<normalForm>Third</normalForm>
<attributes itemClass="oracle.dbtools.crest.model.design.logical.Attribute">
<Attribute name="ID RESIDENCIA" id="84805E37-1938-8761-3919-2A565EA5851C">
<createdBy>exequ</createdBy>
<createdTime>2025-08-31 12:17:52 UTC</createdTime>
<generatorID>5F998EFF-518D-A6E9-48B1-144BB179FCAA</generatorID>
<ownerDesignName>archivo</ownerDesignName>
<engineerTo>
<item key="1C0309CF-8E8A-A439-4F18-8DD93CBBCAF2" value="true"/>
</engineerTo>
<useDomainConstraints>false</useDomainConstraints>
<use>1</use>
<logicalDatatype>LOGDT019</logicalDatatype>
<dataTypePrecision>*</dataTypePrecision>
<dataTypeScale>0</dataTypeScale>
<ownDataTypeParameters>,*,0</ownDataTypeParameters>
</Attribute>
<Attribute name="NOMBRE" id="CBC7D628-2D77-25CC-019B-485B08F43D80">
<createdBy>exequ</createdBy>
<createdTime>2025-08-31 12:17:52 UTC</createdTime>
<generatorID>CBF42AB0-ECF0-EBC2-DB74-B76244852D14</generatorID>
<ownerDesignName>archivo</ownerDesignName>
<engineerTo>
<item key="1C0309CF-8E8A-A439-4F18-8DD93CBBCAF2" value="true"/>
</engineerTo>
<useDomainConstraints>false</useDomainConstraints>
<use>1</use>
<logicalDatatype>LOGDT024</logicalDatatype>
<dataTypeSize>100 BYTE</dataTypeSize>
<ownDataTypeParameters>100 BYTE,,</ownDataTypeParameters>
</Attribute>
<Attribute name="DIRECCION" id="C8E5EF05-3AE9-8FD4-63D4-184EEFB92AA3">
<createdBy>exequ</createdBy>
<createdTime>2025-08-31 12:17:52 UTC</createdTime>
<generatorID>28488C64-7957-60E0-7497-A3BC3A66118B</generatorID>
<ownerDesignName>archivo</ownerDesignName>
<engineerTo>
<item key="1C0309CF-8E8A-A439-4F18-8DD93CBBCAF2" value="true"/>
</engineerTo>
<useDomainConstraints>false</useDomainConstraints>
<use>1</use>
<logicalDatatype>LOGDT024</logicalDatatype>
<dataTypeSize>255 BYTE</dataTypeSize>
<ownDataTypeParameters>255 BYTE,,</ownDataTypeParameters>
</Attribute>
<Attribute name="COMUNA" id="BE4C1262-3D5D-F372-4506-147A2D60DA4E">
<createdBy>exequ</createdBy>
<createdTime>2025-08-31 12:17:52 UTC</createdTime>
<generatorID>019BEA58-30B6-B5A1-4664-1C1A22EF2520</generatorID>
<ownerDesignName>archivo</ownerDesignName>
<engineerTo>
<item key="1C0309CF-8E8A-A439-4F18-8DD93CBBCAF2" value="true"/>
</engineerTo>
<useDomainConstraints>false</useDomainConstraints>
<use>1</use>
<logicalDatatype>LOGDT024</logicalDatatype>
<dataTypeSize>50 BYTE</dataTypeSize>
<ownDataTypeParameters>50 BYTE,,</ownDataTypeParameters>
</Attribute>
</attributes>
<identifiers itemClass="oracle.dbtools.crest.model.design.logical.CandidateKey">
<identifier id="C5CE14FB-BFD1-227B-8C7A-21003D33177B" name="PK RESIDENCIA">
<createdBy>exequ</createdBy>
<createdTime>2025-08-31 12:17:52 UTC</createdTime>
<generatorID>D3F351D9-5AE8-31B0-9971-57D4E8CD7164</generatorID>
<ownerDesignName>archivo</ownerDesignName>
<engineerTo>
<item key="1C0309CF-8E8A-A439-4F18-8DD93CBBCAF2" value="true"/>
</engineerTo>
<pk>true</pk>
<usedAttributes>
<attributeRef>84805E37-1938-8761-3919-2A565EA5851C</attributeRef>
</usedAttributes>
</identifier>
<identifier id="425D937B-3C6A-77D6-86A3-16C3CB6ED4DE" name="RESIDENCIA DIRECCION UN">
<createdBy>exequ</createdBy>
<createdTime>2025-08-31 12:17:52 UTC</createdTime>
<generatorID>D26F24B4-EDD3-38FB-7D3D-332F7218E022</generatorID>
<ownerDesignName>archivo</ownerDesignName>
<engineerTo>
<item key="1C0309CF-8E8A-A439-4F18-8DD93CBBCAF2" value="true"/>
</engineerTo>
<usedAttributes>
<attributeRef>C8E5EF05-3AE9-8FD4-63D4-184EEFB92AA3</attributeRef>
</usedAttributes>
</identifier>
</identifiers>
</Entity>